YEARID,ENTERPRISEID,ENTEPRISENAME,PORTFOLIOID,PORTFOLIONAME,NETINCOME
2020,2,Entity_0002,1.0,L2-ALL,-172248.32
2020,3,Entity_0003,1.0,L2-ALL,-63454.56
2020,7,Entity_0007,1.0,L2-ALL,-65254.96
2020,11,Entity_0011,1.0,L2-ALL,-48681.13
2020,19,Entity_0019,1.0,L2-ALL,-5623.37
2020,20,Entity_0020,1.0,L2-ALL,-18231.03
2020,21,Entity_0021,1.0,L2-ALL,-69942.1
2020,22,Entity_0022,1.0,L2-ALL,-82239.05
2020,23,Entity_0023,1.0,L2-ALL,-52445.19
2020,24,Entity_0024,1.0,L2-ALL,121428.17
2020,25,Entity_0025,1.0,L2-ALL,-30806.69
2020,26,Entity_0026,1.0,L2-ALL,-22359.97
2020,27,Entity_0027,1.0,L2-ALL,-15413.02
2020,28,Entity_0028,1.0,L2-ALL,-1847.31
2020,29,Entity_0029,1.0,L2-ALL,-149.71
2020,32,Entity_0032,1.0,L2-ALL,2370.04
2020,34,Entity_0034,1.0,L2-ALL,-15518.76
2020,35,Entity_0035,1.0,L2-ALL,65193.07
2020,41,Entity_0041,1.0,L2-ALL,-215825.66
2020,43,Entity_0043,1.0,L2-ALL,-51710.18
2020,44,Entity_0044,1.0,L2-ALL,-50100.48
2020,46,Entity_0046,1.0,L2-ALL,-80189.17
2020,47,Entity_0047,1.0,L2-ALL,-41808.78
2020,48,Entity_0048,1.0,L2-ALL,-98648.02
2020,49,Entity_0049,1.0,L2-ALL,-19230.06
2020,51,Entity_0051,1.0,L2-ALL,-24246.7
2020,55,Entity_0055,1.0,L2-ALL,-103615.21
2020,57,Entity_0057,1.0,L2-ALL,-141230.45
2020,60,Entity_0060,1.0,L2-ALL,-128534.78
2020,63,Entity_0063,1.0,L2-ALL,-148836.17
2020,64,Entity_0064,1.0,L2-ALL,-148220.78
2020,65,Entity_0065,1.0,L2-ALL,-280457.51
2020,66,Entity_0066,1.0,L2-ALL,-292411.49
2020,88,Entity_0088,1.0,L2-ALL,-39800.76
2020,99,Entity_0099,3.0,L2B,-96889.3
2020,101,Entity_0101,3.0,L2B,-139415.72
2020,102,Entity_0102,3.0,L2B,-245750.16
2020,103,Entity_0103,3.0,L2B,-149747.15
2020,104,Entity_0104,3.0,L2B,-77389.2
2020,105,Entity_0105,1.0,L2-ALL,11053.4
2020,107,Entity_0107,1.0,L2-ALL,-85417.83
2020,108,Entity_0108,1.0,L2-ALL,-169500.02
2020,110,Entity_0110,1.0,L2-ALL,-48340.95
2020,111,Entity_0111,1.0,L2-ALL,-120492.16
2020,113,Entity_0113,1.0,L2-ALL,-113238.13
2020,115,Entity_0115,1.0,L2-ALL,-145815.58
2020,121,Entity_0121,1.0,L2-ALL,-112891.19
2020,129,Entity_0129,1.0,L2-ALL,-20132.25
2020,131,Entity_0131,1.0,L2-ALL,88744.42
2020,132,Entity_0132,1.0,L2-ALL,-12005.15
2020,139,Entity_0139,1.0,L2-ALL,-29996.45
2020,142,Entity_0142,3.0,L2B,-217702.99
2020,144,Entity_0144,1.0,L2-ALL,-140862.12
2020,145,Entity_0145,1.0,L2-ALL,-77803.61
2020,146,Entity_0146,1.0,L2-ALL,-86054.3
2020,148,Entity_0148,1.0,L2-ALL,-106161.62
2020,149,Entity_0149,1.0,L2-ALL,-20271.22
2020,153,Entity_0153,1.0,L2-ALL,-156652.96
2020,155,Entity_0155,1.0,L2-ALL,-189436.08
2020,157,Entity_0157,1.0,L2-ALL,-61677.22
2020,160,Entity_0160,1.0,L2-ALL,-93920.74
2020,164,Entity_0164,1.0,L2-ALL,-87666.7
2020,165,Entity_0165,1.0,L2-ALL,-51780.81
2020,166,Entity_0166,1.0,L2-ALL,-270968.36
2020,167,Entity_0167,1.0,L2-ALL,-219357.7
2020,169,Entity_0169,1.0,L2-ALL,-111298.6
2020,172,Entity_0172,1.0,L2-ALL,-23436.3
2020,173,Entity_0173,1.0,L2-ALL,-45221.57
2020,174,Entity_0174,1.0,L2-ALL,-165266.14
2020,175,Entity_0175,1.0,L2-ALL,-68677.33
2020,176,Entity_0176,1.0,L2-ALL,-237584.91
2020,177,Entity_0177,1.0,L2-ALL,-50954.41
2020,178,Entity_0178,1.0,L2-ALL,-56298.9
2020,186,Entity_0186,1.0,L2-ALL,-27433.15
2020,188,Entity_0188,1.0,L2-ALL,-46767.28
2020,189,Entity_0189,1.0,L2-ALL,-143505.66
2020,190,Entity_0190,1.0,L2-ALL,-167416.7
2020,192,Entity_0192,1.0,L2-ALL,14649.87
2020,193,Entity_0193,1.0,L2-ALL,-27343.34
2020,196,Entity_0196,1.0,L2-ALL,-129703.48
2020,200,Entity_0200,1.0,L2-ALL,-116528.92
2020,201,Entity_0201,1.0,L2-ALL,-113394.45
2020,212,Entity_0212,1.0,L2-ALL,3737334.96
2020,214,Entity_0214,1.0,L2-ALL,627374.33
2020,216,Entity_0216,1.0,L2-ALL,91401.06
2020,218,Entity_0218,1.0,L2-ALL,1319655.17
2020,224,Entity_0224,3.0,L2B,4766739.81
2020,226,Entity_0226,1.0,L2-ALL,-22187.84
2020,231,Entity_0231,1.0,L2-ALL,340210.54
2020,237,Entity_0237,1.0,L2-ALL,1092769.2
2020,239,Entity_0239,1.0,L2-ALL,203238.61
2020,242,Entity_0242,1.0,L2-ALL,632625.18
2020,245,Entity_0245,1.0,L2-ALL,794964.79
2020,249,Entity_0249,1.0,L2-ALL,1819715.72
2020,254,Entity_0254,1.0,L2-ALL,154208.29
2020,284,Entity_0284,1.0,L2-ALL,225589.66
2020,291,Entity_0291,1.0,L2-ALL,1716411.47
2020,294,Entity_0294,1.0,L2-ALL,506589.95
2020,295,Entity_0295,1.0,L2-ALL,3280127.17
2020,306,Entity_0306,1.0,L2-ALL,265806.65
2020,307,Entity_0307,1.0,L2-ALL,1937735.0
2021,2,Entity_0002,1.0,L2-ALL,-187599.8
2021,3,Entity_0003,1.0,L2-ALL,-71707.02
2021,6,ADMIN_ENTITY_0006,1.0,L2-ALL,-364.58
2021,7,Entity_0007,1.0,L2-ALL,-101012.45
2021,11,Entity_0011,1.0,L2-ALL,-62934.45
2021,19,Entity_0019,1.0,L2-ALL,-43731.08
2021,20,Entity_0020,1.0,L2-ALL,-18280.3
2021,21,Entity_0021,1.0,L2-ALL,-117514.47
2021,22,Entity_0022,1.0,L2-ALL,-101703.09
2021,23,Entity_0023,1.0,L2-ALL,-53185.9
2021,24,Entity_0024,1.0,L2-ALL,22009.57
2021,25,Entity_0025,1.0,L2-ALL,-36760.58
2021,26,Entity_0026,1.0,L2-ALL,-41475.18
2021,27,Entity_0027,1.0,L2-ALL,-121999.38
2021,28,Entity_0028,1.0,L2-ALL,-77648.64
2021,29,Entity_0029,1.0,L2-ALL,-53830.87
2021,32,Entity_0032,1.0,L2-ALL,-35974.34
2021,34,Entity_0034,1.0,L2-ALL,-26272.68
2021,35,Entity_0035,1.0,L2-ALL,-174488.99
2021,41,Entity_0041,1.0,L2-ALL,-235664.34
2021,43,Entity_0043,1.0,L2-ALL,-53902.09
2021,44,Entity_0044,1.0,L2-ALL,-51118.14
2021,46,Entity_0046,1.0,L2-ALL,-61770.51
2021,47,Entity_0047,1.0,L2-ALL,-38789.1
2021,48,Entity_0048,1.0,L2-ALL,-20723.29
2021,49,Entity_0049,1.0,L2-ALL,-126109.36
2021,51,Entity_0051,1.0,L2-ALL,-140589.73
2021,55,Entity_0055,1.0,L2-ALL,-103555.78
2021,57,Entity_0057,1.0,L2-ALL,-137778.64
2021,60,Entity_0060,1.0,L2-ALL,-73984.53
2021,63,Entity_0063,1.0,L2-ALL,-180895.76
2021,64,Entity_0064,1.0,L2-ALL,-168088.19
2021,65,Entity_0065,1.0,L2-ALL,-291012.03
2021,66,Entity_0066,1.0,L2-ALL,-296859.03
2021,88,Entity_0088,1.0,L2-ALL,-241780.01
2021,99,Entity_0099,3.0,L2B,-99697.3
2021,101,Entity_0101,3.0,L2B,-141192.96
2021,102,Entity_0102,3.0,L2B,-152287.35
2021,103,Entity_0103,3.0,L2B,-144287.06
2021,104,Entity_0104,3.0,L2B,-78684.52
2021,105,Entity_0105,1.0,L2-ALL,-145404.62
2021,107,Entity_0107,1.0,L2-ALL,-88624.66
2021,108,Entity_0108,1.0,L2-ALL,-174350.2
2021,110,Entity_0110,1.0,L2-ALL,-63420.78
2021,111,Entity_0111,1.0,L2-ALL,-121044.26
2021,113,Entity_0113,1.0,L2-ALL,-116599.08
2021,115,Entity_0115,1.0,L2-ALL,-145877.26
2021,121,Entity_0121,1.0,L2-ALL,-122265.42
2021,129,Entity_0129,1.0,L2-ALL,-80990.37
2021,131,Entity_0131,1.0,L2-ALL,-105966.39
2021,132,Entity_0132,1.0,L2-ALL,-35585.51
2021,139,Entity_0139,1.0,L2-ALL,-40081.0
2021,142,Entity_0142,3.0,L2B,-224084.92
2021,144,Entity_0144,1.0,L2-ALL,-145340.73
2021,145,Entity_0145,1.0,L2-ALL,-80988.17
2021,146,Entity_0146,1.0,L2-ALL,-87639.19
2021,148,Entity_0148,1.0,L2-ALL,-111190.8
2021,153,Entity_0153,1.0,L2-ALL,-158519.7
2021,155,Entity_0155,1.0,L2-ALL,-248187.83
2021,157,Entity_0157,1.0,L2-ALL,-161447.78
2021,160,Entity_0160,1.0,L2-ALL,-175383.43
2021,164,Entity_0164,1.0,L2-ALL,-153217.98
2021,165,Entity_0165,1.0,L2-ALL,-101014.7
2021,166,Entity_0166,1.0,L2-ALL,908857.53
2021,167,Entity_0167,1.0,L2-ALL,795101.07
2021,169,Entity_0169,1.0,L2-ALL,-119091.62
2021,173,Entity_0173,1.0,L2-ALL,-137346.11
2021,174,Entity_0174,1.0,L2-ALL,-167965.4
2021,175,Entity_0175,1.0,L2-ALL,-118844.65
2021,176,Entity_0176,1.0,L2-ALL,-295263.26
2021,177,Entity_0177,1.0,L2-ALL,-146977.36
2021,178,Entity_0178,1.0,L2-ALL,-168513.86
2021,186,Entity_0186,1.0,L2-ALL,-28129.83
2021,188,Entity_0188,1.0,L2-ALL,-86358.38
2021,189,Entity_0189,1.0,L2-ALL,-146654.83
2021,190,Entity_0190,1.0,L2-ALL,-171914.36
2021,192,Entity_0192,1.0,L2-ALL,-30388.93
2021,193,Entity_0193,1.0,L2-ALL,-36275.93
2021,196,Entity_0196,1.0,L2-ALL,-137217.47
2021,200,Entity_0200,1.0,L2-ALL,-125493.17
2021,201,Entity_0201,1.0,L2-ALL,-114584.02
2021,212,Entity_0212,1.0,L2-ALL,-727049.93
2021,214,Entity_0214,1.0,L2-ALL,-111025.91
2021,216,Entity_0216,1.0,L2-ALL,-150220.87
2021,218,Entity_0218,1.0,L2-ALL,-137678.13
2021,224,Entity_0224,3.0,L2B,-452450.32
2021,226,Entity_0226,1.0,L2-ALL,-38176.95
2021,231,Entity_0231,1.0,L2-ALL,-197582.71
2021,237,Entity_0237,1.0,L2-ALL,-175971.76
2021,239,Entity_0239,1.0,L2-ALL,-175468.63
2021,242,Entity_0242,1.0,L2-ALL,-79347.43
2021,245,Entity_0245,1.0,L2-ALL,-120778.52
2021,249,Entity_0249,1.0,L2-ALL,-267293.84
2021,254,Entity_0254,1.0,L2-ALL,-84525.43
2021,284,Entity_0284,1.0,L2-ALL,-204675.78
2021,291,Entity_0291,1.0,L2-ALL,-163632.72
2021,294,Entity_0294,1.0,L2-ALL,-27892.65
2021,295,Entity_0295,1.0,L2-ALL,-245762.97
2021,306,Entity_0306,1.0,L2-ALL,-130327.06
2021,307,Entity_0307,1.0,L2-ALL,-368012.4
2021,309,Entity_0309,1.0,L2-ALL,233225.73
2021,311,Entity_0311,1.0,L2-ALL,180721.41
2021,315,Entity_0315,1.0,L2-ALL,1126248.72
2021,316,Entity_0316,1.0,L2-ALL,278514.57
2021,318,Entity_0318,1.0,L2-ALL,794941.21
2021,319,Entity_0319,1.0,L2-ALL,150829.86
2021,320,Entity_0320,1.0,L2-ALL,176370.45
2021,323,Entity_0323,1.0,L2-ALL,1378575.99
2021,324,Entity_0324,1.0,L2-ALL,743365.97
2021,329,Entity_0329,1.0,L2-ALL,5583087.69
2021,334,Entity_0334,3.0,L2B,-222442.85
2021,343,Entity_0343,1.0,L2-ALL,191227.04
2021,349,Entity_0349,1.0,L2-ALL,790857.79
2021,353,Entity_0353,3.0,L2B,-14952.45
2021,355,Entity_0355,3.0,L2B,-26482.39
2021,357,Entity_0357,3.0,L2B,-29094.64
2021,360,Entity_0360,3.0,L2B,-6827.63
2021,361,Entity_0361,3.0,L2B,-7129.04
2021,362,Entity_0362,3.0,L2B,-15770.37
2021,363,Entity_0363,3.0,L2B,-2442.83
2021,364,Entity_0364,1.0,L2-ALL,536492.86
2021,369,Entity_0369,1.0,L2-ALL,1719108.94
2021,370,Entity_0370,3.0,L2B,-15669.74
2021,371,Entity_0371,1.0,L2-ALL,-2561.68
2021,372,Entity_0372,1.0,L2-ALL,-3255.08
2022,2,Entity_0002,1.0,L2-ALL,-251083.63
2022,3,Entity_0003,1.0,L2-ALL,-460098.92
2022,6,ADMIN_ENTITY_0006,1.0,L2-ALL,-1252289.66
2022,6,ADMIN_ENTITY_0006,3.0,L2B,-79195.56
2022,7,Entity_0007,1.0,L2-ALL,-228708.01
2022,11,Entity_0011,1.0,L2-ALL,-147019.19
2022,19,Entity_0019,1.0,L2-ALL,-295001.95
2022,20,Entity_0020,1.0,L2-ALL,-112037.78
2022,21,Entity_0021,1.0,L2-ALL,-164667.06
2022,22,Entity_0022,1.0,L2-ALL,-167118.44
2022,23,Entity_0023,1.0,L2-ALL,-167395.3
2022,24,Entity_0024,1.0,L2-ALL,-146616.24
2022,25,Entity_0025,1.0,L2-ALL,-164980.72
2022,26,Entity_0026,1.0,L2-ALL,-100248.04
2022,27,Entity_0027,1.0,L2-ALL,-92345.01
2022,28,Entity_0028,1.0,L2-ALL,-211934.36
2022,29,Entity_0029,1.0,L2-ALL,-198195.16
2022,30,Entity_0030,4.0,LJL,203098.27
2022,32,Entity_0032,1.0,L2-ALL,-207143.31
2022,34,Entity_0034,1.0,L2-ALL,-236828.97
2022,35,Entity_0035,1.0,L2-ALL,-176656.46
2022,41,Entity_0041,1.0,L2-ALL,-234029.82
2022,43,Entity_0043,1.0,L2-ALL,-68814.6
2022,44,Entity_0044,1.0,L2-ALL,-62337.49
2022,46,Entity_0046,1.0,L2-ALL,-96255.88
2022,47,Entity_0047,1.0,L2-ALL,-53486.54
2022,48,Entity_0048,1.0,L2-ALL,-111035.2
2022,49,Entity_0049,1.0,L2-ALL,-122372.46
2022,51,Entity_0051,1.0,L2-ALL,-144450.24
2022,55,Entity_0055,1.0,L2-ALL,-103242.56
2022,57,Entity_0057,1.0,L2-ALL,-140769.94
2022,60,Entity_0060,1.0,L2-ALL,-124913.54
2022,63,Entity_0063,1.0,L2-ALL,-156159.34
2022,64,Entity_0064,1.0,L2-ALL,-171104.22
2022,65,Entity_0065,1.0,L2-ALL,-295581.49
2022,66,Entity_0066,1.0,L2-ALL,-300025.43
2022,88,Entity_0088,1.0,L2-ALL,-210602.54
2022,99,Entity_0099,3.0,L2B,-69863.71
2022,101,Entity_0101,3.0,L2B,-163709.12
2022,102,Entity_0102,3.0,L2B,-114516.02
2022,103,Entity_0103,3.0,L2B,-108465.75
2022,104,Entity_0104,3.0,L2B,-79723.11
2022,105,Entity_0105,1.0,L2-ALL,-143436.37
2022,107,Entity_0107,1.0,L2-ALL,-90810.82
2022,108,Entity_0108,1.0,L2-ALL,-145310.88
2022,110,Entity_0110,1.0,L2-ALL,-69509.26
2022,111,Entity_0111,1.0,L2-ALL,-124666.14
2022,113,Entity_0113,1.0,L2-ALL,-118777.06
2022,115,Entity_0115,1.0,L2-ALL,-148931.51
2022,121,Entity_0121,1.0,L2-ALL,-118089.79
2022,129,Entity_0129,1.0,L2-ALL,-331536.61
2022,131,Entity_0131,1.0,L2-ALL,-532225.09
2022,132,Entity_0132,1.0,L2-ALL,-207960.42
2022,139,Entity_0139,1.0,L2-ALL,-79763.74
2022,142,Entity_0142,3.0,L2B,-352871.06
2022,144,Entity_0144,1.0,L2-ALL,-147402.41
2022,145,Entity_0145,1.0,L2-ALL,-82447.55
2022,146,Entity_0146,1.0,L2-ALL,-91193.82
2022,148,Entity_0148,1.0,L2-ALL,-120244.08
2022,153,Entity_0153,1.0,L2-ALL,-160645.37
2022,155,Entity_0155,1.0,L2-ALL,-250218.35
2022,157,Entity_0157,1.0,L2-ALL,-162936.15
2022,160,Entity_0160,1.0,L2-ALL,-178171.95
2022,165,Entity_0165,1.0,L2-ALL,-103376.03
2022,166,Entity_0166,1.0,L2-ALL,-171087.94
2022,167,Entity_0167,1.0,L2-ALL,-102386.41
2022,169,Entity_0169,1.0,L2-ALL,-184028.19
2022,173,Entity_0173,1.0,L2-ALL,-140530.44
2022,174,Entity_0174,1.0,L2-ALL,-170166.78
2022,175,Entity_0175,1.0,L2-ALL,-120961.32
2022,176,Entity_0176,1.0,L2-ALL,-337848.45
2022,177,Entity_0177,1.0,L2-ALL,-144982.68
2022,178,Entity_0178,1.0,L2-ALL,-171745.06
2022,186,Entity_0186,1.0,L2-ALL,-35204.63
2022,188,Entity_0188,1.0,L2-ALL,-96701.56
2022,189,Entity_0189,1.0,L2-ALL,-149741.66
2022,190,Entity_0190,1.0,L2-ALL,-173245.74
2022,192,Entity_0192,1.0,L2-ALL,-53993.72
2022,193,Entity_0193,1.0,L2-ALL,-51484.69
2022,196,Entity_0196,1.0,L2-ALL,-136626.99
2022,200,Entity_0200,1.0,L2-ALL,-201433.27
2022,201,Entity_0201,1.0,L2-ALL,-113662.38
2022,212,Entity_0212,1.0,L2-ALL,-650073.11
2022,214,Entity_0214,1.0,L2-ALL,-138169.6
2022,216,Entity_0216,1.0,L2-ALL,-152826.64
2022,218,Entity_0218,1.0,L2-ALL,-199924.73
2022,224,Entity_0224,3.0,L2B,-493315.54
2022,226,Entity_0226,1.0,L2-ALL,9990.05
2022,231,Entity_0231,1.0,L2-ALL,-200876.96
2022,237,Entity_0237,1.0,L2-ALL,11788.32
2022,239,Entity_0239,1.0,L2-ALL,-177974.68
2022,242,Entity_0242,1.0,L2-ALL,-123991.29
2022,245,Entity_0245,1.0,L2-ALL,-117641.28
2022,249,Entity_0249,1.0,L2-ALL,-341137.0
2022,254,Entity_0254,1.0,L2-ALL,-85216.38
2022,284,Entity_0284,1.0,L2-ALL,-191352.24
2022,291,Entity_0291,1.0,L2-ALL,-164883.85
2022,294,Entity_0294,1.0,L2-ALL,-33180.2
2022,295,Entity_0295,1.0,L2-ALL,-432266.25
2022,306,Entity_0306,1.0,L2-ALL,-152397.42
2022,307,Entity_0307,1.0,L2-ALL,-275975.43
2022,309,Entity_0309,1.0,L2-ALL,-122607.48
2022,311,Entity_0311,1.0,L2-ALL,-170919.91
2022,315,Entity_0315,1.0,L2-ALL,-137696.09
2022,316,Entity_0316,1.0,L2-ALL,-41669.08
2022,318,Entity_0318,1.0,L2-ALL,-66425.52
2022,319,Entity_0319,1.0,L2-ALL,-162949.89
2022,320,Entity_0320,1.0,L2-ALL,-120290.97
2022,323,Entity_0323,1.0,L2-ALL,-152906.06
2022,324,Entity_0324,1.0,L2-ALL,-85879.06
2022,329,Entity_0329,1.0,L2-ALL,-1077604.68
2022,334,Entity_0334,3.0,L2B,-482506.88
2022,338,ADMIN_ENTITY_0338,1.0,L2-ALL,-156786.5
2022,338,ADMIN_ENTITY_0338,3.0,L2B,-283137.08
2022,343,Entity_0343,1.0,L2-ALL,-240970.0
2022,349,Entity_0349,1.0,L2-ALL,-106119.9
2022,353,Entity_0353,3.0,L2B,-97550.0
2022,354,Entity_0354,4.0,LJL,221705.57
2022,355,Entity_0355,3.0,L2B,-175673.1
2022,357,Entity_0357,3.0,L2B,-205060.82
2022,360,Entity_0360,3.0,L2B,-144825.37
2022,361,Entity_0361,3.0,L2B,-147532.3
2022,362,Entity_0362,3.0,L2B,-144823.47
2022,363,Entity_0363,3.0,L2B,-77771.03
2022,364,Entity_0364,1.0,L2-ALL,-56493.7
2022,369,Entity_0369,1.0,L2-ALL,-46031.14
2022,370,Entity_0370,3.0,L2B,-689632.13
2022,371,Entity_0371,1.0,L2-ALL,-161005.0
2022,372,Entity_0372,1.0,L2-ALL,-126435.87
2022,374,Entity_0374,1.0,L2-ALL,-1167958.14
2022,374,Entity_0374,3.0,L2B,-274525.29
2022,375,Entity_0375,1.0,L2-ALL,116710.59
2022,376,Entity_0376,1.0,L2-ALL,-47329.69
2022,378,Entity_0378,3.0,L2B,-136214.41
2022,381,Entity_0381,3.0,L2B,-64435.25
2022,383,Entity_0383,1.0,L2-ALL,4705770.19
2022,385,Entity_0385,3.0,L2B,-51342.86
2022,388,Entity_0388,1.0,L2-ALL,-49391.62
2022,389,Entity_0389,1.0,L2-ALL,-39540.97
2022,390,Entity_0390,1.0,L2-ALL,-18656.23
2022,391,Entity_0391,1.0,L2-ALL,-50820.01
2022,392,Entity_0392,1.0,L2-ALL,-26484.76
2022,393,Entity_0393,1.0,L2-ALL,-37116.47
2022,395,Entity_0395,1.0,L2-ALL,-27574.74
2022,396,Entity_0396,1.0,L2-ALL,-39783.79
2022,397,Entity_0397,3.0,L2B,-47823.95
2022,398,Entity_0398,3.0,L2B,-97736.29
2022,399,Entity_0399,1.0,L2-ALL,-62215.54
2022,400,ADMIN_ENTITY_0400,1.0,L2-ALL,-42816.56
2022,400,ADMIN_ENTITY_0400,3.0,L2B,-23999.95
2022,401,Entity_0401,1.0,L2-ALL,11924.0
2022,403,Entity_0403,1.0,L2-ALL,314417.96
2022,404,Entity_0404,3.0,L2B,46778.59
2022,406,Entity_0406,1.0,L2-ALL,-43669.91
2022,407,Entity_0407,3.0,L2B,-29115.68
2022,426,Entity_0426,4.0,LJL,39971.2
2023,2,Entity_0002,1.0,L2-ALL,-235665.67
2023,3,Entity_0003,1.0,L2-ALL,-40135.06
2023,6,ADMIN_ENTITY_0006,1.0,L2-ALL,-1258034.34
2023,6,ADMIN_ENTITY_0006,3.0,L2B,-79195.56
2023,7,Entity_0007,1.0,L2-ALL,-104607.4
2023,11,Entity_0011,1.0,L2-ALL,-99781.5
2023,19,Entity_0019,1.0,L2-ALL,-36935.73
2023,20,Entity_0020,1.0,L2-ALL,-66742.46
2023,21,Entity_0021,1.0,L2-ALL,-168796.8
2023,22,Entity_0022,1.0,L2-ALL,-175985.15
2023,23,Entity_0023,1.0,L2-ALL,-69753.03
2023,24,Entity_0024,1.0,L2-ALL,3181.96
2023,25,Entity_0025,1.0,L2-ALL,-51219.74
2023,26,Entity_0026,1.0,L2-ALL,-84566.19
2023,27,Entity_0027,1.0,L2-ALL,-163522.21
2023,28,Entity_0028,1.0,L2-ALL,-59823.64
2023,29,Entity_0029,1.0,L2-ALL,-62568.2
2023,30,Entity_0030,4.0,LJL,147069.79
2023,32,Entity_0032,1.0,L2-ALL,-57360.59
2023,34,Entity_0034,1.0,L2-ALL,-68083.27
2023,35,Entity_0035,1.0,L2-ALL,-182491.89
2023,41,Entity_0041,1.0,L2-ALL,-465016.61
2023,43,Entity_0043,1.0,L2-ALL,-68376.34
2023,44,Entity_0044,1.0,L2-ALL,-66142.55
2023,46,Entity_0046,1.0,L2-ALL,-89524.26
2023,47,Entity_0047,1.0,L2-ALL,-48029.75
2023,48,Entity_0048,1.0,L2-ALL,-111075.69
2023,49,Entity_0049,1.0,L2-ALL,-127712.37
2023,51,Entity_0051,1.0,L2-ALL,-149038.5
2023,55,Entity_0055,1.0,L2-ALL,-98184.27
2023,57,Entity_0057,1.0,L2-ALL,-144474.2
2023,60,Entity_0060,1.0,L2-ALL,-120547.1
2023,63,Entity_0063,1.0,L2-ALL,-166945.44
2023,64,Entity_0064,1.0,L2-ALL,-173781.49
2023,65,Entity_0065,1.0,L2-ALL,-340381.41
2023,66,Entity_0066,1.0,L2-ALL,-299632.29
2023,88,Entity_0088,1.0,L2-ALL,-123353.8
2023,99,Entity_0099,3.0,L2B,-80125.2
2023,101,Entity_0101,3.0,L2B,-136844.61
2023,102,Entity_0102,3.0,L2B,-132629.58
2023,103,Entity_0103,3.0,L2B,-130350.49
2023,104,Entity_0104,3.0,L2B,-85300.76
2023,105,Entity_0105,1.0,L2-ALL,-148241.0
2023,107,Entity_0107,1.0,L2-ALL,-93513.36
2023,108,Entity_0108,1.0,L2-ALL,-149168.01
2023,110,Entity_0110,1.0,L2-ALL,-78831.19
2023,111,Entity_0111,1.0,L2-ALL,-126700.48
2023,113,Entity_0113,1.0,L2-ALL,-118563.49
2023,115,Entity_0115,1.0,L2-ALL,-1210624.85
2023,121,Entity_0121,1.0,L2-ALL,-156768.74
2023,129,Entity_0129,1.0,L2-ALL,-38570.04
2023,131,Entity_0131,1.0,L2-ALL,-27368.74
2023,132,Entity_0132,1.0,L2-ALL,-5834.12
2023,139,Entity_0139,1.0,L2-ALL,-44030.13
2023,142,Entity_0142,3.0,L2B,-234011.41
2023,144,Entity_0144,1.0,L2-ALL,-79068.02
2023,145,Entity_0145,1.0,L2-ALL,-39479.19
2023,146,Entity_0146,1.0,L2-ALL,-95031.52
2023,148,Entity_0148,1.0,L2-ALL,-52891.56
2023,153,Entity_0153,1.0,L2-ALL,-187767.45
2023,155,Entity_0155,1.0,L2-ALL,-251323.4
2023,157,Entity_0157,1.0,L2-ALL,-166127.28
2023,160,Entity_0160,1.0,L2-ALL,-187622.52
2023,165,Entity_0165,1.0,L2-ALL,-109303.52
2023,166,Entity_0166,1.0,L2-ALL,-108105.25
2023,167,Entity_0167,1.0,L2-ALL,-24202.56
2023,169,Entity_0169,1.0,L2-ALL,-123978.75
2023,173,Entity_0173,1.0,L2-ALL,-141753.8
2023,174,Entity_0174,1.0,L2-ALL,-172137.78
2023,175,Entity_0175,1.0,L2-ALL,-122221.45
2023,176,Entity_0176,1.0,L2-ALL,-345877.19
2023,177,Entity_0177,1.0,L2-ALL,-148965.39
2023,178,Entity_0178,1.0,L2-ALL,-172794.95
2023,186,Entity_0186,1.0,L2-ALL,-32578.12
2023,188,Entity_0188,1.0,L2-ALL,-100685.49
2023,189,Entity_0189,1.0,L2-ALL,-150212.76
2023,190,Entity_0190,1.0,L2-ALL,-114663.03
2023,192,Entity_0192,1.0,L2-ALL,-30216.16
2023,193,Entity_0193,1.0,L2-ALL,-6265.89
2023,196,Entity_0196,1.0,L2-ALL,-136940.45
2023,200,Entity_0200,1.0,L2-ALL,-152438.89
2023,201,Entity_0201,1.0,L2-ALL,-117508.85
2023,212,Entity_0212,1.0,L2-ALL,-564769.17
2023,214,Entity_0214,1.0,L2-ALL,-122680.35
2023,216,Entity_0216,1.0,L2-ALL,-154099.78
2023,218,Entity_0218,1.0,L2-ALL,-142863.06
2023,224,Entity_0224,3.0,L2B,-340919.14
2023,226,Entity_0226,1.0,L2-ALL,34176.18
2023,231,Entity_0231,1.0,L2-ALL,-204147.39
2023,237,Entity_0237,1.0,L2-ALL,-81958.91
2023,239,Entity_0239,1.0,L2-ALL,-178974.83
2023,242,Entity_0242,1.0,L2-ALL,-87450.9
2023,245,Entity_0245,1.0,L2-ALL,-127180.78
2023,249,Entity_0249,1.0,L2-ALL,-283424.45
2023,254,Entity_0254,1.0,L2-ALL,-86163.36
2023,284,Entity_0284,1.0,L2-ALL,-191640.83
2023,291,Entity_0291,1.0,L2-ALL,-168992.55
2023,294,Entity_0294,1.0,L2-ALL,-34661.61
2023,295,Entity_0295,1.0,L2-ALL,-325443.39
2023,298,Entity_0298,1.0,L2-ALL,-22916.67
2023,306,Entity_0306,1.0,L2-ALL,-153787.68
2023,307,Entity_0307,1.0,L2-ALL,-109637.59
2023,309,Entity_0309,1.0,L2-ALL,44892.08
2023,311,Entity_0311,1.0,L2-ALL,-112515.26
2023,315,Entity_0315,1.0,L2-ALL,-21744.4
2023,316,Entity_0316,1.0,L2-ALL,-1783.49
2023,318,Entity_0318,1.0,L2-ALL,-35372.98
2023,319,Entity_0319,1.0,L2-ALL,-62161.77
2023,320,Entity_0320,1.0,L2-ALL,-104612.56
2023,323,Entity_0323,1.0,L2-ALL,-6340.87
2023,324,Entity_0324,1.0,L2-ALL,-51036.75
2023,329,Entity_0329,1.0,L2-ALL,-649337.78
2023,334,Entity_0334,3.0,L2B,-287372.69
2023,338,ADMIN_ENTITY_0338,1.0,L2-ALL,-191597.39
2023,338,ADMIN_ENTITY_0338,3.0,L2B,-446135.35
2023,343,Entity_0343,1.0,L2-ALL,-239918.23
2023,349,Entity_0349,1.0,L2-ALL,-74079.51
2023,353,Entity_0353,3.0,L2B,15736.17
2023,354,Entity_0354,4.0,LJL,193187.47
2023,355,Entity_0355,3.0,L2B,39408.59
2023,357,Entity_0357,3.0,L2B,45013.79
2023,360,Entity_0360,3.0,L2B,-36784.84
2023,361,Entity_0361,3.0,L2B,-38369.76
2023,362,Entity_0362,3.0,L2B,-90101.33
2023,363,Entity_0363,3.0,L2B,-16380.79
2023,364,Entity_0364,1.0,L2-ALL,-19293.18
2023,369,Entity_0369,1.0,L2-ALL,-22867.16
2023,370,Entity_0370,3.0,L2B,200052.14
2023,371,Entity_0371,1.0,L2-ALL,-159847.26
2023,372,Entity_0372,1.0,L2-ALL,-720935.16
2023,374,Entity_0374,1.0,L2-ALL,-1620629.78
2023,374,Entity_0374,3.0,L2B,-507864.1
2023,374,Entity_0374,5.0,3RD,-3875.39
2023,375,Entity_0375,1.0,L2-ALL,-58487.05
2023,376,Entity_0376,1.0,L2-ALL,-37208.16
2023,378,Entity_0378,3.0,L2B,29283.95
2023,381,Entity_0381,3.0,L2B,49077.48
2023,383,Entity_0383,1.0,L2-ALL,-511985.15
2023,385,Entity_0385,3.0,L2B,-1127352.08
2023,388,Entity_0388,1.0,L2-ALL,-48737.04
2023,389,Entity_0389,1.0,L2-ALL,-40193.38
2023,390,Entity_0390,1.0,L2-ALL,-25882.06
2023,391,Entity_0391,1.0,L2-ALL,-62406.82
2023,392,Entity_0392,1.0,L2-ALL,-23070.43
2023,393,Entity_0393,1.0,L2-ALL,-29393.57
2023,395,Entity_0395,1.0,L2-ALL,-41961.42
2023,396,Entity_0396,1.0,L2-ALL,-16461.33
2023,397,Entity_0397,3.0,L2B,-78791.19
2023,398,Entity_0398,3.0,L2B,-212865.15
2023,399,Entity_0399,1.0,L2-ALL,-51757.57
2023,400,ADMIN_ENTITY_0400,1.0,L2-ALL,-98174.49
2023,400,ADMIN_ENTITY_0400,3.0,L2B,-49273.19
2023,400,ADMIN_ENTITY_0400,5.0,3RD,-5087.25
2023,401,Entity_0401,1.0,L2-ALL,96682.27
2023,403,Entity_0403,1.0,L2-ALL,-45282.88
2023,404,Entity_0404,3.0,L2B,-228795.87
2023,406,Entity_0406,1.0,L2-ALL,-119916.85
2023,407,Entity_0407,3.0,L2B,-288464.61
2023,408,Entity_0408,1.0,L2-ALL,-294683.19
2023,409,Entity_0409,1.0,L2-ALL,-229408.85
2023,410,Entity_0410,1.0,L2-ALL,-400435.83
2023,411,Entity_0411,1.0,L2-ALL,-368865.08
2023,413,Entity_0413,1.0,L2-ALL,-145862.76
2023,414,Entity_0414,1.0,L2-ALL,-8322.13
2023,415,Entity_0415,3.0,L2B,-32559.89
2023,416,Entity_0416,1.0,L2-ALL,39713.7
2023,419,Entity_0419,5.0,3RD,-140249.27
2023,420,Entity_0420,1.0,L2-ALL,-33504.56
2023,423,Entity_0423,1.0,L2-ALL,2012676.49
2023,424,Entity_0424,3.0,L2B,-125542.36
2023,425,Entity_0425,1.0,L2-ALL,-9422.93
2023,426,Entity_0426,4.0,LJL,53052.14
2023,430,Entity_0430,1.0,L2-ALL,-9027.37
2024,2,Entity_0002,1.0,L2-ALL,-224781.5
2024,3,Entity_0003,1.0,L2-ALL,-137922.63
2024,5,Entity_0005,1.0,L2-ALL,-449768.18
2024,5,Entity_0005,3.0,L2B,-142973.11
2024,6,ADMIN_ENTITY_0006,1.0,L2-ALL,-1257088.07
2024,6,ADMIN_ENTITY_0006,3.0,L2B,-80168.01
2024,7,Entity_0007,1.0,L2-ALL,-224959.13
2024,9,Entity_0009,1.0,L2-ALL,-42925.46
2024,10,Entity_0010,1.0,L2-ALL,-74450.87
2024,11,Entity_0011,1.0,L2-ALL,-151988.0
2024,12,Entity_0012,1.0,L2-ALL,-135838.11
2024,19,Entity_0019,1.0,L2-ALL,-133549.7
2024,20,Entity_0020,1.0,L2-ALL,-114900.33
2024,21,Entity_0021,1.0,L2-ALL,-157851.94
2024,22,Entity_0022,1.0,L2-ALL,-57984.31
2024,23,Entity_0023,1.0,L2-ALL,-139357.65
2024,24,Entity_0024,1.0,L2-ALL,-118079.2
2024,25,Entity_0025,1.0,L2-ALL,-149766.17
2024,26,Entity_0026,1.0,L2-ALL,-72325.33
2024,27,Entity_0027,1.0,L2-ALL,-143391.11
2024,28,Entity_0028,1.0,L2-ALL,-56764.52
2024,29,Entity_0029,1.0,L2-ALL,-61098.99
2024,30,Entity_0030,4.0,LJL,160779.29
2024,32,Entity_0032,1.0,L2-ALL,-193882.46
2024,34,Entity_0034,1.0,L2-ALL,-156717.73
2024,35,Entity_0035,1.0,L2-ALL,-173785.86
2024,41,Entity_0041,1.0,L2-ALL,-377328.09
2024,43,Entity_0043,1.0,L2-ALL,-143502.75
2024,44,Entity_0044,1.0,L2-ALL,-153728.47
2024,46,Entity_0046,1.0,L2-ALL,-197556.45
2024,47,Entity_0047,1.0,L2-ALL,-121893.6
2024,48,Entity_0048,1.0,L2-ALL,-115119.71
2024,49,Entity_0049,1.0,L2-ALL,-133765.63
2024,51,Entity_0051,1.0,L2-ALL,-150890.54
2024,55,Entity_0055,1.0,L2-ALL,-97401.64
2024,57,Entity_0057,1.0,L2-ALL,-143446.53
2024,60,Entity_0060,1.0,L2-ALL,-108799.77
2024,63,Entity_0063,1.0,L2-ALL,-185110.87
2024,64,Entity_0064,1.0,L2-ALL,-176817.01
2024,65,Entity_0065,1.0,L2-ALL,-339055.21
2024,66,Entity_0066,1.0,L2-ALL,-302050.72
2024,88,Entity_0088,1.0,L2-ALL,-111688.34
2024,99,Entity_0099,3.0,L2B,-78630.1
2024,101,Entity_0101,3.0,L2B,-144115.24
2024,102,Entity_0102,3.0,L2B,-148851.63
2024,103,Entity_0103,3.0,L2B,-133915.43
2024,104,Entity_0104,3.0,L2B,-78445.88
2024,105,Entity_0105,1.0,L2-ALL,-44860.56
2024,107,Entity_0107,1.0,L2-ALL,-150552.75
2024,108,Entity_0108,1.0,L2-ALL,-155965.65
2024,110,Entity_0110,1.0,L2-ALL,-75824.83
2024,111,Entity_0111,1.0,L2-ALL,-118237.95
2024,113,Entity_0113,1.0,L2-ALL,-118058.44
2024,115,Entity_0115,1.0,L2-ALL,-202458.33
2024,121,Entity_0121,1.0,L2-ALL,-188323.03
2024,129,Entity_0129,1.0,L2-ALL,-54173.22
2024,131,Entity_0131,1.0,L2-ALL,-29433.95
2024,132,Entity_0132,1.0,L2-ALL,-59924.21
2024,136,Entity_0136,1.0,L2-ALL,-221749.42
2024,139,Entity_0139,1.0,L2-ALL,-81289.53
2024,141,Entity_0141,3.0,L2B,-127266.68
2024,142,Entity_0142,3.0,L2B,-381838.27
2024,144,Entity_0144,1.0,L2-ALL,-151116.68
2024,145,Entity_0145,1.0,L2-ALL,-83592.22
2024,146,Entity_0146,1.0,L2-ALL,-106512.65
2024,148,Entity_0148,1.0,L2-ALL,-116357.97
2024,153,Entity_0153,1.0,L2-ALL,-128808.01
2024,155,Entity_0155,1.0,L2-ALL,-253197.58
2024,157,Entity_0157,1.0,L2-ALL,-159488.2
2024,160,Entity_0160,1.0,L2-ALL,-189588.76
2024,165,Entity_0165,1.0,L2-ALL,-121617.59
2024,166,Entity_0166,1.0,L2-ALL,-177221.08
2024,167,Entity_0167,1.0,L2-ALL,-109722.91
2024,169,Entity_0169,1.0,L2-ALL,-153442.75
2024,170,Entity_0170,1.0,L2-ALL,-76721.35
2024,173,Entity_0173,1.0,L2-ALL,-142452.29
2024,174,Entity_0174,1.0,L2-ALL,-173845.65
2024,175,Entity_0175,1.0,L2-ALL,-124052.49
2024,176,Entity_0176,1.0,L2-ALL,-370602.64
2024,177,Entity_0177,1.0,L2-ALL,-152257.02
2024,178,Entity_0178,1.0,L2-ALL,-170672.03
2024,181,Entity_0181,1.0,L2-ALL,-298270.3
2024,186,Entity_0186,1.0,L2-ALL,-33945.55
2024,188,Entity_0188,1.0,L2-ALL,-103930.08
2024,189,Entity_0189,1.0,L2-ALL,-148983.45
2024,190,Entity_0190,1.0,L2-ALL,-175870.96
2024,192,Entity_0192,1.0,L2-ALL,-74387.48
2024,193,Entity_0193,1.0,L2-ALL,7247.35
2024,196,Entity_0196,1.0,L2-ALL,-149825.96
2024,198,Entity_0198,1.0,L2-ALL,-93331.21
2024,200,Entity_0200,1.0,L2-ALL,-186662.39
2024,201,Entity_0201,1.0,L2-ALL,-114138.58
2024,211,Entity_0211,1.0,L2-ALL,-632375.03
2024,212,Entity_0212,1.0,L2-ALL,-1011800.05
2024,214,Entity_0214,1.0,L2-ALL,-140556.34
2024,215,Entity_0215,1.0,L2-ALL,-101501.86
2024,216,Entity_0216,1.0,L2-ALL,-155851.0
2024,218,Entity_0218,1.0,L2-ALL,-203003.74
2024,220,Entity_0220,3.0,L2B,-98222.44
2024,221,Entity_0221,3.0,L2B,-157579.02
2024,222,Entity_0222,3.0,L2B,-569815.55
2024,224,Entity_0224,3.0,L2B,-525263.42
2024,226,Entity_0226,1.0,L2-ALL,-68344.55
2024,231,Entity_0231,1.0,L2-ALL,-209031.44
2024,235,Entity_0235,1.0,L2-ALL,-73199.79
2024,237,Entity_0237,1.0,L2-ALL,-146399.6
2024,239,Entity_0239,1.0,L2-ALL,-179302.11
2024,241,Entity_0241,1.0,L2-ALL,-61443.22
2024,242,Entity_0242,1.0,L2-ALL,-122886.45
2024,245,Entity_0245,1.0,L2-ALL,-85214.53
2024,248,Entity_0248,1.0,L2-ALL,-180786.92
2024,249,Entity_0249,1.0,L2-ALL,-361573.8
2024,250,Entity_0250,1.0,L2-ALL,-100726.42
2024,254,Entity_0254,1.0,L2-ALL,-61785.08
2024,284,Entity_0284,1.0,L2-ALL,-204768.3
2024,291,Entity_0291,1.0,L2-ALL,-170694.27
2024,294,Entity_0294,1.0,L2-ALL,-83586.0
2024,295,Entity_0295,1.0,L2-ALL,-513593.78
2024,296,Entity_0296,1.0,L2-ALL,-256796.91
2024,298,Entity_0298,1.0,L2-ALL,-44160.62
2024,304,Entity_0304,1.0,L2-ALL,-27755.17
2024,306,Entity_0306,1.0,L2-ALL,-142469.06
2024,307,Entity_0307,1.0,L2-ALL,-225441.1
2024,309,Entity_0309,1.0,L2-ALL,-125248.61
2024,311,Entity_0311,1.0,L2-ALL,-121410.83
2024,315,Entity_0315,1.0,L2-ALL,-105288.36
2024,316,Entity_0316,1.0,L2-ALL,1603.67
2024,318,Entity_0318,1.0,L2-ALL,-109302.25
2024,319,Entity_0319,1.0,L2-ALL,-16865.68
2024,320,Entity_0320,1.0,L2-ALL,-108451.48
2024,321,Entity_0321,1.0,L2-ALL,-109722.91
2024,322,Entity_0322,1.0,L2-ALL,-54775.62
2024,323,Entity_0323,1.0,L2-ALL,-126904.4
2024,324,Entity_0324,1.0,L2-ALL,-137353.34
2024,325,Entity_0325,1.0,L2-ALL,-68676.68
2024,326,Entity_0326,1.0,L2-ALL,-526282.45
2024,327,Entity_0327,1.0,L2-ALL,-307861.11
2024,328,Entity_0328,1.0,L2-ALL,-1588520.72
2024,328,Entity_0328,4.0,LJL,360948.53
2024,329,Entity_0329,1.0,L2-ALL,-1315706.11
2024,333,Entity_0333,1.0,L2-ALL,-88610.53
2024,334,Entity_0334,3.0,L2B,-747935.66
2024,335,Entity_0335,3.0,L2B,-3546615.1
2024,336,Entity_0336,3.0,L2B,50748.02
2024,337,Entity_0337,3.0,L2B,-1430371.89
2024,338,ADMIN_ENTITY_0338,1.0,L2-ALL,-241671.29
2024,338,ADMIN_ENTITY_0338,3.0,L2B,-623315.57
2024,339,Entity_0339,3.0,L2B,-96424.15
2024,340,Entity_0340,3.0,L2B,-2372951.05
2024,343,Entity_0343,1.0,L2-ALL,-239580.21
2024,348,Entity_0348,1.0,L2-ALL,-2250820.22
2024,348,Entity_0348,3.0,L2B,-373821.24
2024,349,Entity_0349,1.0,L2-ALL,-102831.07
2024,353,Entity_0353,3.0,L2B,5576.68
2024,354,Entity_0354,4.0,LJL,140480.7
2024,355,Entity_0355,3.0,L2B,20160.7
2024,357,Entity_0357,3.0,L2B,-225052.32
2024,360,Entity_0360,3.0,L2B,-45384.9
2024,361,Entity_0361,3.0,L2B,-38631.82
2024,362,Entity_0362,3.0,L2B,-87846.35
2024,363,Entity_0363,3.0,L2B,-20935.19
2024,364,Entity_0364,1.0,L2-ALL,-52097.78
2024,368,Entity_0368,1.0,L2-ALL,-13702.36
2024,369,Entity_0369,1.0,L2-ALL,-27404.73
2024,370,Entity_0370,3.0,L2B,-450848.05
2024,371,Entity_0371,1.0,L2-ALL,-158498.53
2024,372,Entity_0372,1.0,L2-ALL,-270495.97
2024,374,Entity_0374,1.0,L2-ALL,-1936599.11
2024,374,Entity_0374,3.0,L2B,-595993.98
2024,374,Entity_0374,5.0,3RD,-4422.53
2024,375,Entity_0375,1.0,L2-ALL,-39664.54
2024,376,Entity_0376,1.0,L2-ALL,-86679.01
2024,378,Entity_0378,3.0,L2B,-21831.42
2024,381,Entity_0381,3.0,L2B,-107365.45
2024,383,Entity_0383,1.0,L2-ALL,-702675.86
2024,385,Entity_0385,3.0,L2B,223794.68
2024,388,Entity_0388,1.0,L2-ALL,-47917.9
2024,389,Entity_0389,1.0,L2-ALL,-66905.98
2024,390,Entity_0390,1.0,L2-ALL,-13009.09
2024,391,Entity_0391,1.0,L2-ALL,-86462.51
2024,392,Entity_0392,1.0,L2-ALL,-43386.72
2024,393,Entity_0393,1.0,L2-ALL,-55366.57
2024,395,Entity_0395,1.0,L2-ALL,-20486.32
2024,396,Entity_0396,1.0,L2-ALL,-66842.7
2024,397,Entity_0397,3.0,L2B,-94016.16
2024,398,Entity_0398,3.0,L2B,-221488.39
2024,399,Entity_0399,1.0,L2-ALL,-92879.94
2024,400,ADMIN_ENTITY_0400,1.0,L2-ALL,-165179.66
2024,400,ADMIN_ENTITY_0400,3.0,L2B,-56898.14
2024,400,ADMIN_ENTITY_0400,5.0,3RD,-7182.0
2024,401,Entity_0401,1.0,L2-ALL,148270.24
2024,403,Entity_0403,1.0,L2-ALL,-42999.96
2024,404,Entity_0404,3.0,L2B,-594990.54
2024,405,Entity_0405,1.0,L2-ALL,-379388.14
2024,406,Entity_0406,1.0,L2-ALL,-136698.91
2024,407,Entity_0407,3.0,L2B,149710.11
2024,408,Entity_0408,1.0,L2-ALL,-308674.74
2024,409,Entity_0409,1.0,L2-ALL,-240477.95
2024,410,Entity_0410,1.0,L2-ALL,-419162.21
2024,411,Entity_0411,1.0,L2-ALL,-386178.03
2024,413,Entity_0413,1.0,L2-ALL,-140444.07
2024,414,Entity_0414,1.0,L2-ALL,-285923.94
2024,415,Entity_0415,3.0,L2B,-164013.19
2024,416,Entity_0416,1.0,L2-ALL,-223691.98
2024,419,Entity_0419,5.0,3RD,-269357.47
2024,420,Entity_0420,1.0,L2-ALL,-83449.92
2024,422,Entity_0422,1.0,L2-ALL,-78725.65
2024,423,Entity_0423,1.0,L2-ALL,-196814.13
2024,424,Entity_0424,3.0,L2B,-268277.18
2024,425,Entity_0425,1.0,L2-ALL,-87051.64
2024,426,Entity_0426,4.0,LJL,59688.54
2024,430,Entity_0430,1.0,L2-ALL,-141272.6
2024,435,Entity_0435,1.0,L2-ALL,-50885.46
2024,436,Entity_0436,1.0,L2-ALL,-64410.68
2024,437,Entity_0437,1.0,L2-ALL,-32205.35
2024,438,Entity_0438,1.0,L2-ALL,-169476.1
2024,441,Entity_0441,3.0,L2B,-856177.65
2024,442,Entity_0442,1.0,L2-ALL,-8761.39
2024,443,Entity_0443,1.0,L2-ALL,-84532.03
2024,444,Entity_0444,1.0,L2-ALL,-42266.02
2024,445,Entity_0445,1.0,L2-ALL,-19257.09
2024,447,Entity_0447,1.0,L2-ALL,-11783.86
2024,448,Entity_0448,1.0,L2-ALL,-23567.7
2024,451,Entity_0451,1.0,L2-ALL,-188966.0
2024,452,Entity_0452,1.0,L2-ALL,-85034.7
2024,453,Entity_0453,1.0,L2-ALL,-71298.09
2024,459,Entity_0459,1.0,L2-ALL,-4974.53
