PKRECORD,YEARID,MONTHID,PORTFOLIOID,PORTFOLIONAME,NETINCOME
2020_01_1.0,2020,1,1.0,L2-ALL,1088200.13
2020_01_3.0,2020,1,3.0,L2B,142126.75
2020_02_1.0,2020,2,1.0,L2-ALL,874377.8
2020_02_3.0,2020,2,3.0,L2B,83333.79
2020_03_1.0,2020,3,1.0,L2-ALL,850458.83
2020_03_3.0,2020,3,3.0,L2B,101494.45
2020_04_1.0,2020,4,1.0,L2-ALL,425743.73
2020_04_3.0,2020,4,3.0,L2B,65464.61
2020_05_1.0,2020,5,1.0,L2-ALL,675905.95
2020_05_3.0,2020,5,3.0,L2B,62886.88
2020_06_1.0,2020,6,1.0,L2-ALL,656140.11
2020_06_3.0,2020,6,3.0,L2B,193310.16
2020_07_1.0,2020,7,1.0,L2-ALL,889014.03
2020_07_3.0,2020,7,3.0,L2B,37322.49
2020_08_1.0,2020,8,1.0,L2-ALL,952780.74
2020_08_3.0,2020,8,3.0,L2B,86022.55
2020_09_1.0,2020,9,1.0,L2-ALL,921372.25
2020_09_3.0,2020,9,3.0,L2B,119993.04
2020_10_1.0,2020,10,1.0,L2-ALL,1191522.35
2020_10_3.0,2020,10,3.0,L2B,126723.55
2020_11_1.0,2020,11,1.0,L2-ALL,1070845.3
2020_11_3.0,2020,11,3.0,L2B,128439.65
2020_12_1.0,2020,12,1.0,L2-ALL,-22143014.44
2020_12_3.0,2020,12,3.0,L2B,-4986963.21
2021_01_1.0,2021,1,1.0,L2-ALL,1314831.2
2021_01_3.0,2021,1,3.0,L2B,140972.18
2021_02_1.0,2021,2,1.0,L2-ALL,1088099.14
2021_02_3.0,2021,2,3.0,L2B,133817.08
2021_03_1.0,2021,3,1.0,L2-ALL,1363796.75
2021_03_3.0,2021,3,3.0,L2B,141232.91
2021_04_1.0,2021,4,1.0,L2-ALL,1053307.22
2021_04_3.0,2021,4,3.0,L2B,131647.29
2021_05_1.0,2021,5,1.0,L2-ALL,709323.77
2021_05_3.0,2021,5,3.0,L2B,133876.95
2021_06_1.0,2021,6,1.0,L2-ALL,732533.89
2021_06_3.0,2021,6,3.0,L2B,142189.09
2021_07_1.0,2021,7,1.0,L2-ALL,1330941.42
2021_07_3.0,2021,7,3.0,L2B,116640.5
2021_08_1.0,2021,8,1.0,L2-ALL,1625049.0
2021_08_3.0,2021,8,3.0,L2B,123118.09
2021_09_1.0,2021,9,1.0,L2-ALL,1505561.17
2021_09_3.0,2021,9,3.0,L2B,212106.76
2021_10_1.0,2021,10,1.0,L2-ALL,1276315.36
2021_10_3.0,2021,10,3.0,L2B,186620.99
2021_11_1.0,2021,11,1.0,L2-ALL,1479732.75
2021_11_3.0,2021,11,3.0,L2B,178287.79
2021_12_1.0,2021,12,1.0,L2-ALL,-17434524.25
2021_12_3.0,2021,12,3.0,L2B,-7013.26
2022_01_1.0,2022,1,1.0,L2-ALL,1662576.7
2022_01_3.0,2022,1,3.0,L2B,468490.39
2022_01_4.0,2022,1,4.0,LJL,-19232.51
2022_02_1.0,2022,2,1.0,L2-ALL,1769536.87
2022_02_3.0,2022,2,3.0,L2B,469713.75
2022_02_4.0,2022,2,4.0,LJL,-45883.7
2022_03_1.0,2022,3,1.0,L2-ALL,1600549.31
2022_03_3.0,2022,3,3.0,L2B,483842.72
2022_03_4.0,2022,3,4.0,LJL,-94631.83
2022_04_1.0,2022,4,1.0,L2-ALL,3805225.78
2022_04_3.0,2022,4,3.0,L2B,470605.27
2022_04_4.0,2022,4,4.0,LJL,-18491.43
2022_05_1.0,2022,5,1.0,L2-ALL,1419582.13
2022_05_3.0,2022,5,3.0,L2B,113881.77
2022_05_4.0,2022,5,4.0,LJL,-25142.33
2022_06_1.0,2022,6,1.0,L2-ALL,1029628.68
2022_06_3.0,2022,6,3.0,L2B,360451.32
2022_06_4.0,2022,6,4.0,LJL,-18007.49
2022_07_1.0,2022,7,1.0,L2-ALL,2255185.72
2022_07_3.0,2022,7,3.0,L2B,407955.39
2022_07_4.0,2022,7,4.0,LJL,-43115.33
2022_08_1.0,2022,8,1.0,L2-ALL,2046244.04
2022_08_3.0,2022,8,3.0,L2B,265291.94
2022_08_4.0,2022,8,4.0,LJL,-29274.68
2022_09_1.0,2022,9,1.0,L2-ALL,1839522.44
2022_09_3.0,2022,9,3.0,L2B,85360.53
2022_09_4.0,2022,9,4.0,LJL,-26019.97
2022_10_1.0,2022,10,1.0,L2-ALL,1674491.28
2022_10_3.0,2022,10,3.0,L2B,-9023.31
2022_10_4.0,2022,10,4.0,LJL,-33413.14
2022_11_1.0,2022,11,1.0,L2-ALL,1698932.36
2022_11_3.0,2022,11,3.0,L2B,349840.94
2022_11_4.0,2022,11,4.0,LJL,-87902.33
2022_12_1.0,2022,12,1.0,L2-ALL,-4709005.27
2022_12_3.0,2022,12,3.0,L2B,1122176.43
2022_12_4.0,2022,12,4.0,LJL,-23660.3
2023_01_1.0,2023,1,1.0,L2-ALL,3348851.77
2023_01_3.0,2023,1,3.0,L2B,222289.07
2023_01_4.0,2023,1,4.0,LJL,-60747.06
2023_02_1.0,2023,2,1.0,L2-ALL,1692548.8
2023_02_3.0,2023,2,3.0,L2B,397828.92
2023_02_4.0,2023,2,4.0,LJL,-38980.65
2023_03_1.0,2023,3,1.0,L2-ALL,2216710.03
2023_03_3.0,2023,3,3.0,L2B,370916.63
2023_03_4.0,2023,3,4.0,LJL,-24062.1
2023_04_1.0,2023,4,1.0,L2-ALL,1647219.88
2023_04_3.0,2023,4,3.0,L2B,311363.94
2023_04_4.0,2023,4,4.0,LJL,-26444.22
2023_04_5.0,2023,4,5.0,3RD,-18282.5
2023_05_1.0,2023,5,1.0,L2-ALL,1405649.97
2023_05_3.0,2023,5,3.0,L2B,718954.95
2023_05_4.0,2023,5,4.0,LJL,-36037.51
2023_05_5.0,2023,5,5.0,3RD,7370.96
2023_06_1.0,2023,6,1.0,L2-ALL,2194254.2
2023_06_3.0,2023,6,3.0,L2B,420837.78
2023_06_4.0,2023,6,4.0,LJL,-36640.46
2023_06_5.0,2023,6,5.0,3RD,-3994.05
2023_07_1.0,2023,7,1.0,L2-ALL,3182576.55
2023_07_3.0,2023,7,3.0,L2B,430551.84
2023_07_4.0,2023,7,4.0,LJL,-36298.96
2023_07_5.0,2023,7,5.0,3RD,47880.0
2023_08_1.0,2023,8,1.0,L2-ALL,1941396.98
2023_08_3.0,2023,8,3.0,L2B,36472.25
2023_08_4.0,2023,8,4.0,LJL,-26542.71
2023_08_5.0,2023,8,5.0,3RD,23940.0
2023_09_1.0,2023,9,1.0,L2-ALL,1804018.33
2023_09_3.0,2023,9,3.0,L2B,688046.38
2023_09_4.0,2023,9,4.0,LJL,-20881.17
2023_09_5.0,2023,9,5.0,3RD,23940.0
2023_10_1.0,2023,10,1.0,L2-ALL,1970205.44
2023_10_3.0,2023,10,3.0,L2B,1225399.55
2023_10_4.0,2023,10,4.0,LJL,-31049.2
2023_10_5.0,2023,10,5.0,3RD,21672.5
2023_11_1.0,2023,11,1.0,L2-ALL,1776758.03
2023_11_3.0,2023,11,3.0,L2B,401851.55
2023_11_4.0,2023,11,4.0,LJL,-20615.75
2023_11_5.0,2023,11,5.0,3RD,23240.0
2023_12_1.0,2023,12,1.0,L2-ALL,-4419530.62
2023_12_3.0,2023,12,3.0,L2B,-817055.03
2023_12_4.0,2023,12,4.0,LJL,-35009.61
2023_12_5.0,2023,12,5.0,3RD,23445.0
2024_01_1.0,2024,1,1.0,L2-ALL,2958733.55
2024_01_3.0,2024,1,3.0,L2B,526482.49
2024_01_4.0,2024,1,4.0,LJL,-54433.06
2024_01_5.0,2024,1,5.0,3RD,23940.0
2024_02_1.0,2024,2,1.0,L2-ALL,2671344.1
2024_02_3.0,2024,2,3.0,L2B,732791.27
2024_02_4.0,2024,2,4.0,LJL,-181520.76
2024_02_5.0,2024,2,5.0,3RD,23636.25
2024_03_1.0,2024,3,1.0,L2-ALL,1576031.16
2024_03_3.0,2024,3,3.0,L2B,2984446.85
2024_03_4.0,2024,3,4.0,LJL,-103897.96
2024_03_5.0,2024,3,5.0,3RD,23940.0
2024_04_1.0,2024,4,1.0,L2-ALL,3130693.1
2024_04_3.0,2024,4,3.0,L2B,522254.95
2024_04_4.0,2024,4,4.0,LJL,-101060.34
2024_04_5.0,2024,4,5.0,3RD,23940.0
2024_05_1.0,2024,5,1.0,L2-ALL,3759684.1
2024_05_3.0,2024,5,3.0,L2B,1230594.8
2024_05_4.0,2024,5,4.0,LJL,-55352.52
2024_05_5.0,2024,5,5.0,3RD,18940.0
2024_06_1.0,2024,6,1.0,L2-ALL,2487495.33
2024_06_3.0,2024,6,3.0,L2B,3095659.65
2024_06_4.0,2024,6,4.0,LJL,-40781.9
2024_06_5.0,2024,6,5.0,3RD,23940.0
2024_07_1.0,2024,7,1.0,L2-ALL,3151553.07
2024_07_3.0,2024,7,3.0,L2B,120538.21
2024_07_4.0,2024,7,4.0,LJL,-90201.52
2024_07_5.0,2024,7,5.0,3RD,23150.75
2024_08_1.0,2024,8,1.0,L2-ALL,3256701.78
2024_08_3.0,2024,8,3.0,L2B,2036827.7
2024_08_4.0,2024,8,4.0,LJL,-52920.38
2024_08_5.0,2024,8,5.0,3RD,23940.0
2024_09_1.0,2024,9,1.0,L2-ALL,2822662.85
2024_09_3.0,2024,9,3.0,L2B,2871805.02
2024_09_4.0,2024,9,4.0,LJL,-62710.82
2024_09_5.0,2024,9,5.0,3RD,23940.0
2024_10_1.0,2024,10,1.0,L2-ALL,1492463.38
2024_10_3.0,2024,10,3.0,L2B,490612.95
2024_10_4.0,2024,10,4.0,LJL,220429.62
2024_10_5.0,2024,10,5.0,3RD,23940.0
2024_11_1.0,2024,11,1.0,L2-ALL,3260376.6
2024_11_3.0,2024,11,3.0,L2B,1049976.18
2024_11_4.0,2024,11,4.0,LJL,-158103.96
2024_11_5.0,2024,11,5.0,3RD,23940.0
2024_12_1.0,2024,12,1.0,L2-ALL,3669499.16
2024_12_3.0,2024,12,3.0,L2B,-403710.09
2024_12_4.0,2024,12,4.0,LJL,-41343.46
2024_12_5.0,2024,12,5.0,3RD,23715.0
