1,Entity 0001,LLC,3
10,Entity 0010,LLC,2
100,Entity 0100,LLC,3
101,Entity 0101,LLC,1
102,Entity 0102,LLC,1
103,Entity 0103,LLC,1
104,Entity 0104,LLC,1
105,Entity 0105,LLC,1
106,Entity 0106,LLC,3
107,Entity 0107,LLC,1
108,Entity 0108,LLC,1
109,Entity 0109,LLC,3
11,Entity 0011,LLC,1
110,Entity 0110,LLC,1
111,Entity 0111,LLC,1
112,Entity 0112,LLC,3
113,Entity 0113,LLC,1
114,Entity 0114,LLC,1
115,Entity 0115,LLC,1
116,Entity 0116,LLC,1
117,Entity 0117,LLC,1
118,Entity 0118,LLC,1
119,Entity 0119,LLC,3
12,Entity 0012,LLC,2
120,Entity 0120,LLC,1
121,Entity 0121,LLC,1
122,Entity 0122,LLC,1
123,Entity 0123,LLC,1
124,Entity 0124,LLC,1
125,Entity 0125,LLC,1
126,Entity 0126,LLC,3
127,Entity 0127,LLC,1
128,Entity 0128,LLC,3
129,Entity 0129,LLC,1
13,Entity 0013,LLC,4
130,Entity 0130,LLC,1
131,Entity 0131,LLC,1
132,Entity 0132,LLC,1
133,Entity 0133,LLC,1
134,Entity 0134,LLC,1
135,Entity 0135,LLC,3
136,Entity 0136,LLC,2
137,Entity 0137,LLC,3
138,Entity 0138,LLC,3
139,Entity 0139,LLC,1
14,Entity 0014,LLC,1
140,Entity 0140,LLC,1
141,Entity 0141,LLC,2
142,Entity 0142,LLC,1
143,Entity 0143,LLC,1
144,Entity 0144,LLC,1
145,Entity 0145,LLC,1
146,Entity 0146,LLC,1
147,Entity 0147,LLC,1
148,Entity 0148,LLC,1
149,Entity 0149,LLC,1
15,Entity 0015,LLC,1
150,Entity 0150,LLC,1
151,Entity 0151,LLC,1
152,Entity 0152,LLC,1
153,Entity 0153,LLC,1
154,Entity 0154,LLC,3
155,Entity 0155,LLC,1
156,Entity 0156,LLC,1
157,Entity 0157,LLC,1
158,Entity 0158,LLC,1
16,Entity 0016,LLC,4
160,Entity 0160,LLC,1
161,Entity 0161,LLC,1
162,Entity 0162,LLC,1
163,Entity 0163,LLC,1
164,Entity 0164,LLC,1
165,Entity 0165,LLC,1
166,Entity 0166,LLC,1
167,Entity 0167,LLC,1
169,Entity 0169,LLC,1
17,Entity 0017,LLC,1
170,Entity 0170,LLC,2
171,Entity 0171,LLC,3
172,Entity 0172,LLC,1
173,Entity 0173,LLC,1
174,Entity 0174,LLC,1
175,Entity 0175,LLC,1
176,Entity 0176,LLC,1
177,Entity 0177,LLC,1
178,Entity 0178,LLC,1
179,Entity 0179,LLC,1
18,Entity 0018,LLC,1
180,Entity 0180,LLC,1
181,Entity 0181,LLC,2
182,Entity 0182,LLC,3
183,Entity 0183,LLC,1
184,Entity 0184,LLC,1
185,Entity 0185,LLC,1
186,Entity 0186,LLC,1
187,Entity 0187,LLC,1
188,Entity 0188,LLC,1
189,Entity 0189,LLC,1
19,Entity 0019,LLC,1
190,Entity 0190,LLC,1
191,Entity 0191,LLC,1
192,Entity 0192,LLC,1
193,Entity 0193,LLC,1
194,Entity 0194,LLC,1
195,Entity 0195,LLC,4
196,Entity 0196,LLC,1
197,Entity 0197,LLC,3
198,Entity 0198,LLC,2
199,Entity 0199,LLC,3
2,Entity 0002,LLC,1
20,Entity 0020,LLC,1
200,Entity 0200,LLC,1
201,Entity 0201,LLC,1
202,Entity 0202,LLC,1
203,Entity 0203,LLC,1
204,Entity 0204,LLC,1
205,Entity 0205,LLC,1
206,Entity 0206,LLC,1
207,Entity 0207,LLC,1
208,Entity 0208,LLC,1
209,Entity 0209,LLC,1
21,Entity 0021,LLC,1
210,Entity 0210,LLC,1
211,Entity 0211,LLC,2
212,Entity 0212,LLC,1
213,Entity 0213,LLC,3
214,Entity 0214,LLC,1
215,Entity 0215,LLC,2
216,Entity 0216,LLC,1
217,Entity 0217,LLC,3
218,Entity 0218,LLC,1
219,Entity 0219,LLC,3
22,Entity 0022,LLC,1
220,Entity 0220,LLC,2
221,Entity 0221,LLC,2
222,Entity 0222,LLC,2
223,Entity 0223,LLC,3
224,Entity 0224,LLC,1
225,Entity 0225,LLC,3
226,Entity 0226,LLC,1
227,Entity 0227,LLC,1
228,Entity 0228,LLC,1
23,Entity 0023,LLC,1
230,Entity 0230,LLC,1
231,Entity 0231,LLC,1
233,Entity 0233,LLC,1
234,Entity 0234,LLC,1
235,Entity 0235,LLC,2
236,Entity 0236,LLC,3
237,Entity 0237,LLC,1
238,Entity 0238,LLC,1
239,Entity 0239,LLC,1
24,Entity 0024,LLC,1
240,Entity 0240,LLC,1
241,Entity 0241,LLC,2
242,Entity 0242,LLC,1
243,Entity 0243,LLC,1
244,Entity 0244,LLC,1
245,Entity 0245,LLC,1
246,Entity 0246,LLC,1
247,Entity 0247,LLC,1
248,Entity 0248,LLC,2
249,Entity 0249,LLC,1
25,Entity 0025,LLC,1
250,Entity 0250,LLC,2
251,Entity 0251,LLC,1
252,Entity 0252,LLC,1
253,Entity 0253,LLC,1
254,Entity 0254,LLC,1
255,Entity 0255,LLC,1
256,Entity 0256,LLC,1
257,Entity 0257,LLC,1
258,Entity 0258,LLC,1
259,Entity 0259,LLC,1
26,Entity 0026,LLC,1
260,Entity 0260,LLC,1
261,Entity 0261,LLC,1
262,Entity 0262,LLC,1
263,Entity 0263,LLC,1
264,Entity 0264,LLC,1
265,Entity 0265,LLC,1
266,Entity 0266,LLC,1
267,Entity 0267,LLC,1
268,Entity 0268,LLC,1
269,Entity 0269,LLC,1
27,Entity 0027,LLC,1
270,Entity 0270,LLC,1
271,Entity 0271,LLC,1
272,Entity 0272,LLC,1
273,Entity 0273,LLC,1
274,Entity 0274,LLC,1
275,Entity 0275,LLC,1
276,Entity 0276,LLC,1
277,Entity 0277,LLC,1
278,Entity 0278,LLC,1
279,Entity 0279,LLC,1
28,Entity 0028,LLC,1
280,Entity 0280,LLC,3
281,Entity 0281,LLC,3
282,Entity 0282,LLC,3
283,Entity 0283,LLC,1
284,Entity 0284,LLC,1
285,Entity 0285,LLC,3
287,Entity 0287,LLC,1
288,Entity 0288,LLC,1
289,Entity 0289,LLC,3
29,Entity 0029,LLC,1
290,Entity 0290,LLC,1
291,Entity 0291,LLC,1
292,Entity 0292,LLC,1
293,Entity 0293,LLC,1
294,Entity 0294,LLC,1
295,Entity 0295,LLC,1
296,Entity 0296,LLC,2
298,Entity 0298,LLC,1
299,Entity 0299,LLC,1
3,Entity 0003,LLC,1
30,Entity 0030,LLC,1
300,Entity 0300,LLC,1
301,Entity 0301,LLC,1
302,Entity 0302,LLC,1
303,Entity 0303,LLC,1
304,Entity 0304,LLC,1
305,Entity 0305,LLC,3
306,Entity 0306,LLC,1
307,Entity 0307,LLC,1
308,Entity 0308,LLC,4
309,Entity 0309,LLC,1
310,Entity 0310,LLC,1
311,Entity 0311,LLC,1
312,Entity 0312,LLC,3
313,Entity 0313,LLC,3
314,Entity 0314,LLC,4
315,Entity 0315,LLC,1
316,Entity 0316,LLC,1
317,Entity 0317,LLC,1
318,Entity 0318,LLC,1
319,Entity 0319,LLC,1
32,Entity 0032,LLC,1
320,Entity 0320,LLC,1
321,Entity 0321,LLC,2
322,Entity 0322,LLC,2
323,Entity 0323,LLC,1
324,Entity 0324,LLC,1
325,Entity 0325,LLC,2
326,Entity 0326,LLC,2
327,Entity 0327,LLC,2
328,Entity 0328,LLC,2
329,Entity 0329,LLC,1
33,Entity 0033,LLC,1
330,Entity 0330,LLC,3
331,Entity 0331,LLC,3
332,Entity 0332,LLC,3
333,Entity 0333,LLC,2
334,Entity 0334,LLC,1
335,Entity 0335,LLC,2
336,Entity 0336,LLC,2
337,Entity 0337,LLC,2
338,Entity 0338,LLC,5
339,Entity 0339,LLC,2
34,Entity 0034,LLC,1
340,Entity 0340,LLC,2
341,Entity 0341,LLC,3
342,Entity 0342,LLC,3
343,Entity 0343,LLC,1
344,Entity 0344,LLC,1
345,Entity 0345,LLC,4
346,Entity 0346,LLC,4
348,Entity 0348,LLC,2
349,Entity 0349,LLC,1
35,Entity 0035,LLC,1
350,Entity 0350,LLC,1
351,Entity 0351,LLC,1
352,Entity 0352,LLC,1
353,Entity 0353,LLC,1
354,Entity 0354,LLC,1
355,Entity 0355,LLC,1
356,Entity 0356,LLC,2
357,Entity 0357,LLC,1
358,Entity 0358,LLC,1
359,Entity 0359,LLC,1
36,Entity 0036,LLC,3
360,Entity 0360,LLC,1
361,Entity 0361,LLC,1
362,Entity 0362,LLC,1
363,Entity 0363,LLC,1
364,Entity 0364,LLC,1
365,Entity 0365,LLC,1
367,Entity 0367,LLC,1
368,Entity 0368,LLC,2
369,Entity 0369,LLC,1
37,Entity 0037,LLC,3
370,Entity 0370,LLC,1
371,Entity 0371,LLC,1
372,Entity 0372,LLC,1
373,Entity 0373,LLC,1
374,Entity 0374,LLC,2
375,Entity 0375,LLC,1
376,Entity 0376,LLC,1
377,Entity 0377,LLC,1
378,Entity 0378,LLC,1
379,Entity 0379,LLC,3
38,Entity 0038,LLC,3
380,Entity 0380,LLC,3
381,Entity 0381,LLC,1
383,Entity 0383,LLC,1
384,Entity 0384,LLC,4
385,Entity 0385,LLC,1
387,Entity 0387,LLC,4
388,Entity 0388,LLC,1
389,Entity 0389,LLC,1
39,Entity 0039,LLC,3
390,Entity 0390,LLC,1
391,Entity 0391,LLC,1
392,Entity 0392,LLC,1
393,Entity 0393,LLC,1
394,Entity 0394,LLC,1
395,Entity 0395,LLC,1
396,Entity 0396,LLC,1
397,Entity 0397,LLC,1
398,Entity 0398,LLC,1
399,Entity 0399,LLC,1
4,Entity 0004,LLC,3
40,Entity 0040,LLC,3
400,Entity 0400,LLC,5
401,Entity 0401,LLC,1
402,Entity 0402,LLC,3
403,Entity 0403,LLC,1
404,Entity 0404,LLC,1
405,Entity 0405,LLC,2
406,Entity 0406,LLC,1
407,Entity 0407,LLC,1
408,Entity 0408,LLC,1
409,Entity 0409,LLC,1
41,Entity 0041,LLC,1
410,Entity 0410,LLC,1
411,Entity 0411,LLC,1
412,Entity 0412,LLC,1
413,Entity 0413,LLC,1
414,Entity 0414,LLC,1
415,Entity 0415,LLC,1
416,Entity 0416,LLC,1
417,Entity 0417,LLC,1
418,Entity 0418,LLC,1
419,Entity 0419,LLC,1
42,Entity 0042,LLC,3
420,Entity 0420,LLC,1
422,Entity 0422,LLC,2
423,Entity 0423,LLC,1
424,Entity 0424,LLC,1
425,Entity 0425,LLC,1
426,Entity 0426,LLC,1
427,Entity 0427,LLC,6
428,Entity 0428,LLC,2
429,Entity 0429,LLC,3
43,Entity 0043,LLC,1
430,Entity 0430,LLC,1
431,Entity 0431,LLC,3
432,Entity 0432,LLC,3
433,Entity 0433,LLC,2
435,Entity 0435,LLC,1
436,Entity 0436,LLC,1
437,Entity 0437,LLC,2
438,Entity 0438,LLC,1
44,Entity 0044,LLC,1
441,Entity 0441,LLC,1
442,Entity 0442,LLC,2
443,Entity 0443,LLC,1
444,Entity 0444,LLC,2
445,Entity 0445,LLC,1
447,Entity 0447,LLC,2
448,Entity 0448,LLC,1
449,Entity 0449,LLC,1
45,Entity 0045,LLC,1
450,Entity 0450,LLC,1
451,Entity 0451,LLC,1
452,Entity 0452,LLC,2
453,Entity 0453,LLC,2
455,Entity 0455,LLC,4
456,Entity 0456,LLC,1
458,Entity 0458,LLC,4
459,Entity 0459,LLC,1
46,Entity 0046,LLC,1
460,Entity 0460,LLC,1
461,Entity 0461,LLC,4
463,Entity 0463,LLC,4
464,Entity 0464,LLC,1
465,Entity 0465,LLC,1
466,Entity 0466,LLC,1
467,Entity 0467,LLC,1
468,Entity 0468,LLC,1
469,Entity 0469,LLC,1
47,Entity 0047,LLC,1
470,Entity 0470,LLC,1
471,Entity 0471,LLC,1
48,Entity 0048,LLC,1
49,Entity 0049,LLC,1
5,Entity 0005,LLC,2
50,Entity 0050,LLC,1
51,Entity 0051,LLC,1
52,Entity 0052,LLC,1
53,Entity 0053,LLC,1
54,Entity 0054,LLC,1
55,Entity 0055,LLC,1
56,Entity 0056,LLC,3
57,Entity 0057,LLC,1
59,Entity 0059,LLC,3
6,Entity 0006,LLC,5
60,Entity 0060,LLC,1
61,Entity 0061,LLC,1
62,Entity 0062,LLC,1
63,Entity 0063,LLC,1
64,Entity 0064,LLC,1
65,Entity 0065,LLC,1
66,Entity 0066,LLC,1
67,Entity 0067,LLC,1
68,Entity 0068,LLC,1
69,Entity 0069,LLC,1
7,Entity 0007,LLC,1
70,Entity 0070,LLC,1
71,Entity 0071,LLC,1
72,Entity 0072,LLC,1
73,Entity 0073,LLC,1
74,Entity 0074,LLC,1
75,Entity 0075,LLC,1
76,Entity 0076,LLC,1
77,Entity 0077,LLC,1
78,Entity 0078,LLC,1
79,Entity 0079,LLC,1
8,Entity 0008,LLC,3
80,Entity 0080,LLC,1
81,Entity 0081,LLC,1
82,Entity 0082,LLC,1
83,Entity 0083,LLC,1
84,Entity 0084,LLC,1
85,Entity 0085,LLC,1
86,Entity 0086,LLC,1
87,Entity 0087,LLC,1
88,Entity 0088,LLC,1
89,Entity 0089,LLC,1
9,Entity 0009,LLC,2
90,Entity 0090,LLC,1
91,Entity 0091,LLC,1
92,Entity 0092,LLC,1
93,Entity 0093,LLC,1
94,Entity 0094,LLC,1
95,Entity 0095,LLC,1
96,Entity 0096,LLC,1
97,Entity 0097,LLC,1
98,Entity 0098,LLC,1
99,Entity 0099,LLC,1
