1,1,3,215527.56,16050.0,7.4500999999999999,1997-05-03 00:00:00.000,2017-05-31 00:00:00.000,0,
2,2,3,228150.0,13500.0,7.0743999999999998,1995-06-02 00:00:00.000,2015-06-30 00:00:00.000,0,
3,3,3,264200.0,13905.0,7.1696,1996-08-09 00:00:00.000,2016-08-31 00:00:00.000,2,
4,4,3,302880.0,18825.0,7.2286000000000001,1997-01-10 00:00:00.000,2017-01-31 00:00:00.000,0,
5,5,3,185325.0,13905.0,7.1279000000000003,1996-07-06 00:00:00.000,2016-07-31 00:00:00.000,0,
6,6,3,182609.0,13903.0,6.4503000000000004,1998-12-10 00:00:00.000,2020-12-31 00:00:00.000,0,
7,7,3,335000.0,15120.0,6.7199999999999998,2001-05-30 00:00:00.000,2021-05-31 00:00:00.000,0,
8,8,3,271350.0,13905.0,7.0568,1998-12-11 00:00:00.000,2018-12-31 00:00:00.000,0,
9,9,3,341000.03999999998,13905.0,6.7150999999999996,1997-06-13 00:00:00.000,2017-06-30 00:00:00.000,0,
10,10,3,236542.0,13905.0,6.6387999999999998,1999-08-13 00:00:00.000,2019-08-31 00:00:00.000,0,
11,11,1,238636.0,10908.0,6.4496000000000002,1999-11-10 00:00:00.000,2034-01-31 00:00:00.000,0,
12,12,3,182760.0,13500.0,7.0975000000000001,1994-11-11 00:00:00.000,2019-11-30 00:00:00.000,0,
13,13,3,139947.0,13000.0,6.7606999999999999,1994-01-15 00:00:00.000,2019-01-31 00:00:00.000,0,
14,14,3,225060.0,13905.0,6.8499999999999996,1999-03-18 00:00:00.000,2019-03-31 00:00:00.000,0,
15,15,3,174999.95999999999,12544.0,6.5,1993-04-02 00:00:00.000,2018-04-30 00:00:00.000,0,
16,16,3,266868.0,15120.0,6.8499999999999996,1999-12-04 00:00:00.000,2019-12-31 00:00:00.000,2,
17,17,3,167400.0,13500.0,6.7295999999999996,1994-10-29 00:00:00.000,2019-10-31 00:00:00.000,0,
18,18,1,124000.0,10752.0,5.7674000000000003,1997-06-06 00:00:00.000,2017-06-05 00:00:00.000,0,
19,19,1,219789.0,11500.0,6.5606,2000-11-16 00:00:00.000,2020-11-15 00:00:00.000,0,
20,20,3,356400.0,12000.0,6.4996,2008-02-18 00:00:00.000,2028-03-01 00:00:00.000,0,
21,21,3,407004.0,14490.0,7.1092000000000004,2001-10-05 00:00:00.000,2026-10-31 00:00:00.000,0,
22,22,3,365000.0,15795.0,7.0530999999999997,2000-11-10 00:00:00.000,2025-11-30 00:00:00.000,0,
23,23,3,295317.0,15120.0,6.3094000000000001,2001-01-19 00:00:00.000,2028-07-31 00:00:00.000,0,
24,24,1,217791.0,10055.0,6.4055999999999997,2003-03-17 00:00:00.000,2024-01-31 00:00:00.000,0,
25,25,3,300000.0,14820.0,6.383,2006-03-01 00:00:00.000,2031-02-28 00:00:00.000,0,
26,26,1,224656.0,11200.0,6.2404000000000002,1998-09-05 00:00:00.000,2028-09-04 00:00:00.000,0,
27,27,3,303862.0,18000.0,6.4996999999999998,1999-01-26 00:00:00.000,2024-01-31 00:00:00.000,0,
28,28,3,303421.0,14490.0,6.5,2002-10-12 00:00:00.000,2027-10-31 00:00:00.000,0,
29,29,1,324891.0,11140.0,6.9481000000000002,1999-10-01 00:00:00.000,2019-09-30 00:00:00.000,0,
30,30,3,182000.0,13500.0,6.8499999999999996,1996-02-11 00:00:00.000,2016-02-29 00:00:00.000,0,
31,31,3,284000.0,15120.0,7.3574999999999999,1999-09-12 00:00:00.000,2019-09-30 00:00:00.000,0,
32,32,3,215000.0,13905.0,6.8037999999999998,1999-07-03 00:00:00.000,2026-12-31 00:00:00.000,0,
33,33,1,214997.0,10908.0,6.5849000000000002,1997-10-13 00:00:00.000,2017-10-12 00:00:00.000,0,
34,34,3,332640.0,15120.0,7.0029000000000003,1999-12-04 00:00:00.000,2019-12-31 00:00:00.000,0,
35,35,1,328617.0,10461.0,7.1128999999999998,2000-11-22 00:00:00.000,2023-01-31 00:00:00.000,0,
36,36,3,310000.0,14820.0,6.3917999999999999,2005-12-31 00:00:00.000,2030-12-31 00:00:00.000,0,
37,37,3,289764.0,15053.0,6.25,2002-07-30 00:00:00.000,2027-07-31 00:00:00.000,0,
38,38,3,329555.0,15595.0,6.5129000000000001,2002-07-30 00:00:00.000,2027-07-31 00:00:00.000,0,
39,39,3,195932.0,15052.0,6.0999999999999996,2002-07-30 00:00:00.000,2027-07-31 00:00:00.000,0,
40,40,3,338000.0,15035.0,6.2000000000000002,2001-12-15 00:00:00.000,2026-12-31 00:00:00.000,0,
41,41,3,367500.0,15125.0,6.4000000000000004,2001-06-16 00:00:00.000,2028-12-31 00:00:00.000,0,
42,42,3,356861.0,14490.0,6.5001999999999995,2001-02-02 00:00:00.000,2026-02-28 00:00:00.000,0,
43,43,3,332000.0,14550.0,6.0917000000000003,2007-06-11 00:00:00.000,2032-06-30 00:00:00.000,0,
44,44,1,325000.0,13813.0,6.4039000000000001,2004-01-23 00:00:00.000,2024-01-22 00:00:00.000,5,2024-01-22 00:00:00.000
45,45,1,323921.0,13738.0,6.3352000000000004,2005-08-28 00:00:00.000,2030-08-27 00:00:00.000,0,
46,46,3,276000.0,14820.0,6.0,2007-10-22 00:00:00.000,2032-10-31 00:00:00.000,0,
47,47,3,371800.0,14820.0,6.3017000000000003,2006-09-03 00:00:00.000,2031-09-30 00:00:00.000,0,
48,48,3,384000.0,14490.0,6.0,2002-09-20 00:00:00.000,2027-09-30 00:00:00.000,0,
49,49,9,994500.0,130000.0,7.2327000000000004,1998-03-30 00:00:00.000,2028-12-31 00:00:00.000,0,
50,50,1,220566.0,11040.0,6.1500000000000004,2003-12-19 00:00:00.000,2038-05-11 00:00:00.000,0,
51,51,1,113000.0,10904.0,6.1500000000000004,2001-12-31 00:00:00.000,2038-05-11 00:00:00.000,0,
52,52,1,143000.0,10147.0,6.1500000000000004,2001-12-13 00:00:00.000,2038-05-11 00:00:00.000,0,
53,53,1,140600.0,10202.0,6.1500000000000004,2001-12-20 00:00:00.000,2038-05-11 00:00:00.000,0,
54,54,1,75800.0,10086.0,6.1500000000000004,2001-12-20 00:00:00.000,2038-05-11 00:00:00.000,0,
55,55,1,116551.0,10086.0,6.1500000000000004,2003-12-19 00:00:00.000,2038-05-11 00:00:00.000,0,
56,56,3,348000.0,14820.0,6.25,2005-10-08 00:00:00.000,2030-10-31 00:00:00.000,0,
57,57,3,263000.0,15120.0,6.8632999999999997,2000-12-09 00:00:00.000,2025-12-31 00:00:00.000,0,
58,58,3,309000.0,15120.0,6.7496999999999998,1996-12-27 00:00:00.000,2016-12-31 00:00:00.000,0,
59,59,1,217330.0,11320.0,6.4874999999999998,1997-10-22 00:00:00.000,2017-10-21 00:00:00.000,0,
60,61,3,247000.0,15125.0,6.5,1997-03-01 00:00:00.000,2027-02-28 00:00:00.000,0,
61,62,1,178622.0,10003.0,6.7506000000000004,1999-07-26 00:00:00.000,2023-01-31 00:00:00.000,0,
62,63,1,150615.0,10125.0,3.6734999999999998,2000-09-27 00:00:00.000,2023-01-31 00:00:00.000,0,
63,64,3,370000.0,15272.0,5.8498000000000001,2004-05-15 00:00:00.000,2029-05-31 00:00:00.000,0,
64,65,3,193050.0,13000.0,6.9492000000000003,1993-11-20 00:00:00.000,2018-11-30 00:00:00.000,0,
65,66,1,395898.0,10125.0,8.2478999999999996,2000-02-14 00:00:00.000,2021-01-31 00:00:00.000,0,
66,67,3,292005.0,13905.0,6.2129000000000003,1997-11-01 00:00:00.000,2017-10-31 00:00:00.000,0,
67,68,3,290000.0,13905.0,6.9879999999999995,1998-09-27 00:00:00.000,2018-09-30 00:00:00.000,0,
68,69,1,176601.0,8760.0,8.1196000000000002,1997-09-24 00:00:00.000,2019-01-31 00:00:00.000,0,
69,70,1,252033.0,10125.0,7.3052999999999999,2000-10-16 00:00:00.000,2020-11-30 00:00:00.000,0,
70,71,1,210498.0,10125.0,6.5068999999999999,1998-10-05 00:00:00.000,2019-01-31 00:00:00.000,0,
71,72,3,354999.96000000002,13905.0,7.2449000000000003,2000-01-08 00:00:00.000,2020-01-31 00:00:00.000,0,
72,73,1,180731.0,10125.0,6.4511000000000003,1998-08-10 00:00:00.000,2019-01-31 00:00:00.000,0,
73,74,3,232908.0,13905.0,6.9587000000000003,1996-01-20 00:00:00.000,2016-01-31 00:00:00.000,0,
74,75,1,217336.79999999999,10908.0,6.8995999999999995,2000-05-27 00:00:00.000,2020-05-26 00:00:00.000,0,
75,76,3,208584.0,13905.0,6.8952999999999998,1994-09-25 00:00:00.000,2019-09-30 00:00:00.000,0,
76,77,3,154875.0,14040.0,6.6756000000000002,1992-08-05 00:00:00.000,2017-08-31 00:00:00.000,0,
77,78,1,275930.0,10908.0,6.5000999999999998,1999-12-20 00:00:00.000,2019-12-19 00:00:00.000,0,
78,79,3,335644.0,15624.0,6.7465999999999999,2001-04-19 00:00:00.000,2021-04-30 00:00:00.000,0,
79,80,1,281459.0,13813.0,6.5001999999999995,2003-10-02 00:00:00.000,2023-10-01 00:00:00.000,0,
80,81,1,293310.0,11200.0,7.0,1999-09-24 00:00:00.000,2019-09-23 00:00:00.000,0,
81,82,1,245361.0,13450.0,6.6045999999999996,2000-05-22 00:00:00.000,2020-11-30 00:00:00.000,0,
82,83,1,157745.0,9872.0,3.7557999999999998,2000-09-27 00:00:00.000,2023-01-31 00:00:00.000,0,
83,84,1,251131.20000000001,13560.0,6.3417000000000003,1995-01-01 00:00:00.000,2014-12-31 00:00:00.000,0,
84,85,3,351000.0,13905.0,8.375,1999-10-09 00:00:00.000,2019-10-31 00:00:00.000,0,
85,86,3,244701.95999999999,13905.0,8.3289000000000009,1998-03-05 00:00:00.000,2018-03-31 00:00:00.000,0,
86,87,3,333303.0,13905.0,8.4202999999999992,1997-12-20 00:00:00.000,2017-12-31 00:00:00.000,0,
87,88,3,239100.0,15000.0,8.0504999999999995,1995-03-09 00:00:00.000,2015-03-31 00:00:00.000,0,
88,89,3,211500.0,13905.0,7.4866999999999999,1998-01-03 00:00:00.000,2018-01-31 00:00:00.000,0,
89,90,3,357885.0,13500.0,7.5,1995-10-27 00:00:00.000,2015-10-31 00:00:00.000,0,
90,91,1,198064.56,10135.0,8.5373000000000001,1998-12-21 00:00:00.000,2020-01-31 00:00:00.000,0,
91,92,3,326700.0,13905.0,7.4249999999999998,1996-11-30 00:00:00.000,2016-11-30 00:00:00.000,0,
92,93,3,258999.95999999999,14490.0,7.9728000000000003,2003-03-01 00:00:00.000,2023-02-28 00:00:00.000,0,
93,94,3,344736.0,15120.0,7.7469000000000001,2001-01-20 00:00:00.000,2021-01-31 00:00:00.000,0,
94,95,3,274800.0,13905.0,7.9000000000000004,1999-03-01 00:00:00.000,2034-02-28 00:00:00.000,0,
95,96,3,312375.0,15120.0,6.8627000000000002,2001-01-06 00:00:00.000,2031-01-31 00:00:00.000,0,
96,97,3,188499.95999999999,13000.0,8.0042000000000009,1993-10-23 00:00:00.000,2018-10-31 00:00:00.000,0,
97,100,1,190109.0,10906.0,6.8262,1997-03-23 00:00:00.000,2017-03-22 00:00:00.000,3,2022-03-22 00:00:00.000
98,101,3,198855.0,13905.0,7.5,1994-12-10 00:00:00.000,2019-12-31 00:00:00.000,0,
99,102,1,303866.0,10908.0,6.4998000000000005,1999-07-30 00:00:00.000,2019-07-29 00:00:00.000,0,
100,103,1,196325.0,10125.0,6.6421999999999999,1998-11-30 00:00:00.000,2024-01-31 00:00:00.000,0,
101,104,3,244000.0,13905.0,6.7496999999999998,1996-07-20 00:00:00.000,2016-07-31 00:00:00.000,2,
102,106,3,95000.039999999994,13500.0,7.9166999999999996,1995-03-09 00:00:00.000,2020-03-31 00:00:00.000,0,
103,107,1,238648.0,10125.0,7.2317999999999998,1998-10-19 00:00:00.000,2019-01-31 00:00:00.000,2,
104,108,3,368000.0,15120.0,7.0769000000000002,2000-08-26 00:00:00.000,2020-08-31 00:00:00.000,0,
105,109,3,389000.0,15120.0,7.1500000000000004,2001-03-02 00:00:00.000,2021-03-31 00:00:00.000,0,
106,110,3,369000.0,13905.0,7.4006999999999996,1999-01-09 00:00:00.000,2019-01-31 00:00:00.000,0,
107,111,3,440000.0,15120.0,7.6688000000000001,2001-12-14 00:00:00.000,2021-12-31 00:00:00.000,2,
108,112,10,78207.960000000006,7124.0,6.8006000000000002,1985-01-01 00:00:00.000,2026-01-31 00:00:00.000,0,
109,113,3,252000.0,15120.0,6.7199999999999998,2000-06-24 00:00:00.000,2020-06-30 00:00:00.000,0,
110,114,1,190465.44,10125.0,7.3091999999999997,2001-04-02 00:00:00.000,2022-01-31 00:00:00.000,0,
111,99,1,140946.35999999999,10722.0,9.7856095952024003,1995-04-16 00:00:00.000,2017-04-30 00:00:00.000,0,
112,115,5,20400.0,1200.0,7.7789999999999999,2015-01-22 00:00:00.000,2025-05-31 00:00:00.000,0,
113,115,4,45600.0,1200.0,7.7789999999999999,2015-06-15 00:00:00.000,2026-06-30 00:00:00.000,0,
114,115,7,20400.0,1200.0,7.7789999999999999,2013-02-20 00:00:00.000,2018-04-30 00:00:00.000,0,
115,115,6,21000.0,1200.0,7.7789999999999999,2014-02-01 00:00:00.000,2017-01-31 00:00:00.000,0,
116,115,8,20808.0,1200.0,7.7789999999999999,2017-09-01 00:00:00.000,2027-08-31 00:00:00.000,0,
117,98,1,174108.0,9504.0,9.1635789473684195,1996-05-25 00:00:00.000,2016-05-24 00:00:00.000,0,
118,115,2,612351.0,101750.0,7.7789999999999999,1986-02-15 00:00:00.000,2021-02-28 00:00:00.000,0,
119,120,13,861805.0,70722.0,7.4939999999999998,2000-02-28 00:00:00.000,2020-02-28 00:00:00.000,0,
120,121,1,162810.0,10125.0,3.8896999999999999,2000-01-31 00:00:00.000,2020-01-31 00:00:00.000,0,
121,122,3,187069.92000000001,13000.0,7.1500000000000004,1993-07-17 00:00:00.000,2023-07-31 00:00:00.000,0,
122,123,3,317000.03999999998,15120.0,7.2210000000000001,2002-05-31 00:00:00.000,2022-05-31 00:00:00.000,0,
123,124,3,293000.0,14560.0,7.0,2003-10-08 00:00:00.000,2028-10-31 00:00:00.000,0,
124,124,3,293000.0,14560.0,7.0,2003-10-08 00:00:00.000,2028-10-31 00:00:00.000,0,
125,124,3,293000.0,14560.0,7.0,2003-10-08 00:00:00.000,2028-10-31 00:00:00.000,0,
126,119,3,215600.0,13500.0,6.9886999999999997,1995-11-26 00:00:00.000,2025-11-30 00:00:00.000,0,
127,118,12,594107.76000000001,47481.0,7.0999999999999996,2010-10-26 00:00:00.000,2030-10-31 00:00:00.000,0,
128,117,2,1145733.96,90346.0,7.5625999999999998,1998-10-01 00:00:00.000,2024-01-31 00:00:00.000,0,
129,116,1,197741.28,10125.0,6.8186999999999998,1998-01-21 00:00:00.000,2019-01-31 00:00:00.000,0,
130,125,3,291000.0,14259.0,6.5510999999999999,2004-11-13 00:00:00.000,2029-11-30 00:00:00.000,0,
131,126,3,314000.0,14490.0,6.75,2002-10-12 00:00:00.000,2027-10-31 00:00:00.000,0,
132,127,3,332000.0,15120.0,7.0000105421845502,1999-03-11 00:00:00.000,2024-03-31 00:00:00.000,0,
133,128,3,245000.0,15120.0,6.7123287671232896,2000-03-03 00:00:00.000,2020-03-31 00:00:00.000,0,
134,129,3,305000.0,13905.0,6.69999971442624,2000-05-06 00:00:00.000,2020-05-31 00:00:00.000,0,
135,131,3,408000.0,13905.0,6.6885245901639303,1999-10-09 00:00:00.000,2029-10-31 00:00:00.000,0,
136,132,3,303000.0,15120.0,7.0000006930693797,2000-06-10 00:00:00.000,2025-06-30 00:00:00.000,2,
137,133,1,187535.0,10125.0,7.5014000000000003,1998-09-09 00:00:00.000,2023-09-26 00:00:00.000,2,
138,134,3,275000.0,13905.0,6.8578553615960098,1998-12-05 00:00:00.000,2023-12-31 00:00:00.000,0,
139,135,3,342667.0,14500.0,6.1500012563219899,2006-04-27 00:00:00.000,2031-04-30 00:00:00.000,3,2023-01-01 00:00:00.000
140,136,3,203681.0,13500.0,6.9044406779661003,1995-11-18 00:00:00.000,2025-11-30 00:00:00.000,0,
141,137,1,228400.0,10908.0,6.4978662873399697,1999-06-25 00:00:00.000,2019-06-24 00:00:00.000,0,
142,138,3,247000.0,13905.0,6.8994413407821202,1997-08-30 00:00:00.000,2022-02-28 00:00:00.000,2,
143,139,3,311000.0,13905.0,7.0000002250803899,1999-12-11 00:00:00.000,2019-12-31 00:00:00.000,0,
144,140,3,314000.0,13905.0,7.0000004458599001,1999-05-29 00:00:00.000,2024-05-31 00:00:00.000,0,
145,141,3,344000.0,15120.0,6.4999996220930498,2001-02-24 00:00:00.000,2028-02-29 00:00:00.000,0,
146,142,3,370000.0,13905.0,7.2195121951219496,1999-08-14 00:00:00.000,2019-08-31 00:00:00.000,0,
147,143,3,194880.0,13500.0,6.4960000000000004,1995-06-24 00:00:00.000,2020-06-30 00:00:00.000,0,
148,144,3,267400.0,14725.0,7.4747482653496498,1996-09-01 00:00:00.000,2021-08-31 00:00:00.000,0,
149,145,1,278586.0,10908.0,6.9500011351074802,2000-08-31 00:00:00.000,2020-08-30 00:00:00.000,0,
150,146,3,119000.0,14000.0,6.8985507246376798,1990-07-25 00:00:00.000,2020-07-31 00:00:00.000,0,
151,147,1,200602.0,10908.0,6.5342671009771998,1999-09-15 00:00:00.000,2019-09-14 00:00:00.000,0,
152,148,3,302940.0,13905.0,6.7999999999999998,1995-12-01 00:00:00.000,2020-11-30 00:00:00.000,0,
153,149,3,389670.0,15120.0,6.69536082474227,2001-06-01 00:00:00.000,2026-05-31 00:00:00.000,0,
154,150,3,344736.0,15120.0,7.0011372867587296,2000-03-03 00:00:00.000,2020-03-31 00:00:00.000,0,
155,151,3,227475.0,14850.0,6.9000002729970404,1996-01-06 00:00:00.000,2021-01-31 00:00:00.000,0,
156,152,3,340511.0,13905.0,7.20658201058201,1999-05-29 00:00:00.000,2024-05-31 00:00:00.000,0,
157,153,3,254461.0,13905.0,6.6525751633986898,1999-06-26 00:00:00.000,2024-06-30 00:00:00.000,0,
158,154,3,187850.0,13000.0,6.8309090909090902,1994-07-02 00:00:00.000,2019-07-31 00:00:00.000,0,
159,155,3,263630.0,13905.0,6.9000011516141999,1998-10-10 00:00:00.000,2023-10-31 00:00:00.000,0,
160,156,3,376000.0,15120.0,6.9000739005255198,2001-09-09 00:00:00.000,2030-09-30 00:00:00.000,0,
161,157,3,230000.0,13905.0,6.8000039026109302,1997-02-09 00:00:00.000,2022-02-28 00:00:00.000,0,
162,158,3,353596.0,14490.0,6.0000006787407898,2006-01-07 00:00:00.000,2031-01-31 00:00:00.000,0,
163,159,3,335500.0,15120.0,6.5000005812221104,2001-12-14 00:00:00.000,2028-02-29 00:00:00.000,0,
164,160,3,258108.0,13905.0,7.2198041958042003,1996-08-05 00:00:00.000,2021-08-31 00:00:00.000,0,
165,161,3,278000.0,13650.0,6.2913719943422901,2002-11-22 00:00:00.000,2032-11-30 00:00:00.000,0,
166,162,3,158625.0,13500.0,8.1799999999999997,1995-08-05 00:00:00.000,2020-08-31 00:00:00.000,0,
167,164,3,335500.0,14820.0,6.9500000000000002,2003-06-03 00:00:00.000,2032-08-31 00:00:00.000,0,
168,163,3,267500.0,14490.0,7.2004999999999999,2006-11-11 00:00:00.000,2031-11-30 00:00:00.000,0,
169,165,3,324800.0,14820.0,6.9505999999999997,2003-06-07 00:00:00.000,2028-06-30 00:00:00.000,0,
170,166,3,265000.0,15120.0,7.0479000000000003,2000-08-26 00:00:00.000,2020-08-31 00:00:00.000,0,
175,115,5,816.0,0.0,7.7789999999999999,2015-01-22 00:00:00.000,2025-05-31 00:00:00.000,0,
176,115,2,10000.08,0.0,7.7789999999999999,1986-02-15 00:00:00.000,2021-02-28 00:00:00.000,0,
177,115,16,5040.0,0.0,7.7789999999999999,2017-11-01 00:00:00.000,2018-10-31 00:00:00.000,1,
178,115,17,1183.2,0.0,7.7789999999999999,2015-02-01 00:00:00.000,2020-01-31 00:00:00.000,1,
180,167,3,316500.0,14820.0,7.1399999999999997,2006-07-01 00:00:00.000,2031-06-30 00:00:00.000,0,
192,168,1,243480.0,10908.0,6.75,1999-11-12 00:00:00.000,2019-11-11 00:00:00.000,0,
193,168,1,243480.0,10908.0,6.75,1999-11-12 00:00:00.000,2019-11-11 00:00:00.000,0,
194,169,3,279900.0,14820.0,6.9500000000000002,2007-01-08 00:00:00.000,2032-01-31 00:00:00.000,0,
196,170,15,780950.0,63949.0,6.9111000000000002,2004-09-27 00:00:00.000,2029-12-31 00:00:00.000,0,
197,171,3,335000.0,14560.0,6.7000000000000002,2003-09-07 00:00:00.000,2028-09-30 00:00:00.000,0,
198,172,13,466967.0,77393.0,7.2679999999999998,2001-09-01 00:00:00.000,2021-09-30 00:00:00.000,0,
206,174,3,375000.0,16940.0,7.3529,2002-04-05 00:00:00.000,2022-04-30 00:00:00.000,0,
207,175,3,195075.0,13450.0,6.8446999999999996,1995-03-14 00:00:00.000,2020-03-31 00:00:00.000,0,
208,176,3,195374.0,15525.0,,1995-04-21 00:00:00.000,2026-04-30 00:00:00.000,0,
209,177,3,297999.96000000002,14490.0,7.641,2001-05-12 00:00:00.000,2021-05-31 00:00:00.000,0,
210,178,1,196325.0,10125.0,6.6551,1998-11-30 00:00:00.000,2024-01-31 00:00:00.000,0,
211,179,3,286206.0,15120.0,7.1551999999999998,2001-06-03 00:00:00.000,2021-06-30 00:00:00.000,0,
220,182,3,228000.0,13861.0,6.851,1999-09-12 00:00:00.000,2029-09-30 00:00:00.000,0,
221,183,3,300000.0,14820.0,6.75,2006-04-27 00:00:00.000,2031-04-30 00:00:00.000,0,
222,184,3,332000.0,15120.0,7.0,1999-03-11 00:00:00.000,2024-03-31 00:00:00.000,0,
223,185,3,254461.0,13905.0,7.0,1999-06-26 00:00:00.000,2024-06-30 00:00:00.000,0,
224,186,3,302940.0,13905.0,7.0,1995-12-01 00:00:00.000,2020-11-20 00:00:00.000,0,
225,187,3,202500.0,13500.0,7.0434999999999999,1995-11-30 00:00:00.000,2031-01-31 00:00:00.000,0,
227,188,1,293310.0,11200.0,6.7378999999999998,1999-09-24 00:00:00.000,2019-09-23 00:00:00.000,0,
229,189,1,197741.28,10125.0,6.8883000000000001,1998-01-21 00:00:00.000,2019-01-31 00:00:00.000,0,
231,190,14,483300.0,63293.0,6.9539999999999997,1986-07-02 00:00:00.000,2019-02-04 00:00:00.000,0,
234,191,3,261000.0,13905.0,6.96,1996-09-27 00:00:00.000,2021-09-30 00:00:00.000,0,
236,192,3,230000.0,13905.0,7.1207000000000003,1997-02-09 00:00:00.000,2022-02-28 00:00:00.000,0,
239,193,3,307500.0,15120.0,6.8333000000000004,2000-12-02 00:00:00.000,2030-12-31 00:00:00.000,0,
241,194,13,210885.0,70295.0,6.4846000000000004,2001-03-13 00:00:00.000,2021-03-12 00:00:00.000,0,
242,194,18,48500.0,0.0,6.4846000000000004,2004-03-23 00:00:00.000,2021-03-12 00:00:00.000,0,
255,195,14,542505.95999999996,63508.0,6.9551999999999996,2019-05-16 00:00:00.000,2022-09-23 00:00:00.000,3,2022-06-01 00:00:00.000
256,196,3,297045.0,14490.0,7.0,2002-04-04 00:00:00.000,2027-04-30 00:00:00.000,0,
257,197,3,268000.0,13905.0,6.6173000000000002,1999-07-17 00:00:00.000,2024-07-31 00:00:00.000,0,
260,198,1,179255.0,10055.0,6.9000000000000004,2001-04-13 00:00:00.000,2022-01-31 00:00:00.000,0,
263,199,1,52597.0,9500.0,6.5746000000000002,1995-11-07 00:00:00.000,2022-02-28 00:00:00.000,0,
265,201,1,217506.0,10125.0,6.7000000000000002,1997-06-27 00:00:00.000,2022-06-26 00:00:00.000,0,
267,203,3,152100.0,15950.0,7.1576000000000004,1994-07-22 00:00:00.000,2025-03-30 00:00:00.000,0,
270,204,3,229900.0,13905.0,7.0091000000000001,1998-06-06 00:00:00.000,2028-06-30 00:00:00.000,0,
272,205,3,300000.0,14500.0,6.9363999999999999,2000-01-15 00:00:00.000,2025-01-31 00:00:00.000,0,
284,206,3,237775.0,18233.0,6.9423000000000004,1997-10-17 00:00:00.000,2028-10-31 00:00:00.000,0,
285,206,20,1.0,1400.0,6.9423000000000004,1997-06-18 00:00:00.000,2022-06-30 00:00:00.000,0,
286,207,1,325377.0,13813.0,6.9009,2003-08-27 00:00:00.000,2023-08-26 00:00:00.000,0,
288,208,3,198146.04000000001,13905.0,6.9000000000000004,1996-05-11 00:00:00.000,2021-05-31 00:00:00.000,0,
289,209,3,236250.0,13905.0,6.9000000000000004,1995-12-16 00:00:00.000,2020-12-31 00:00:00.000,0,
290,210,3,241252.0,13905.0,6.9000000000000004,1998-01-03 00:00:00.000,2023-01-31 00:00:00.000,0,
291,211,3,241650.0,13905.0,6.9000000000000004,1996-10-19 00:00:00.000,2021-10-31 00:00:00.000,0,
292,212,3,229785.0,13905.0,6.9000000000000004,1996-11-23 00:00:00.000,2021-11-30 00:00:00.000,0,
293,213,3,223175.0,13905.0,6.9000000000000004,1996-08-17 00:00:00.000,2021-08-31 00:00:00.000,0,
294,214,3,235690.0,13905.0,6.9000000000000004,1996-09-29 00:00:00.000,2021-09-30 00:00:00.000,0,
295,215,3,255000.0,13905.0,6.9000000000000004,1999-07-10 00:00:00.000,2024-07-31 00:00:00.000,0,
300,216,3,303421.0,14490.0,6.5,2002-10-12 00:00:00.000,2027-10-31 00:00:00.000,0,
301,217,3,344766.0,14490.0,6.4744999999999999,2003-09-07 00:00:00.000,2028-09-30 00:00:00.000,0,
302,218,21,803229.0,46564.0,7.8201999999999998,2015-04-01 00:00:00.000,2030-10-31 00:00:00.000,0,
303,218,22,30816.0,1712.0,6.4777000000000005,2015-06-01 00:00:00.000,2025-05-31 00:00:00.000,0,
304,218,25,56381.639999999999,3440.0,17.140899999999998,2016-05-01 00:00:00.000,2021-04-30 00:00:00.000,0,
305,218,23,114345.0,4500.0,7.1809000000000003,1994-04-27 00:00:00.000,2023-07-31 00:00:00.000,0,
307,219,3,247000.0,13905.0,8.0904000000000007,1997-08-30 00:00:00.000,2022-08-31 00:00:00.000,0,
308,220,3,303000.0,15120.0,7.4539,2000-06-10 00:00:00.000,2025-06-30 00:00:00.000,0,
309,221,1,193161.0,10125.0,7.7263999999999999,1998-09-09 00:00:00.000,2023-09-26 00:00:00.000,0,
311,222,26,851000.0,37000.0,6.6483999999999996,2019-07-01 00:00:00.000,2034-06-30 00:00:00.000,0,
321,223,1,319859.53999999998,14572.0,6.8493000000000004,2006-10-16 00:00:00.000,2032-01-31 00:00:00.000,0,
331,224,3,263400.0,13905.0,6.5011999999999999,1998-03-19 00:00:00.000,2033-03-31 00:00:00.000,0,
332,225,1,330859.0,13000.0,6.4747000000000003,1999-09-23 00:00:00.000,2024-09-22 00:00:00.000,0,
335,226,31,312213.96000000002,15254.0,9.1828000000000003,2016-07-07 00:00:00.000,2019-07-07 00:00:00.000,1,
340,228,9,62189.760000000002,55888.0,2.0224000000000002,2017-11-01 00:00:00.000,2022-10-31 00:00:00.000,0,
344,229,3,214000.0,14850.0,6.9032,1995-12-31 00:00:00.000,2031-02-28 00:00:00.000,0,
349,230,3,285000.0,13905.0,6.75,1998-08-01 00:00:00.000,2028-07-31 00:00:00.000,0,
350,231,3,320000.0,14560.0,6.7511000000000001,2003-11-13 00:00:00.000,2028-11-30 00:00:00.000,0,
352,232,3,320000.0,15120.0,7.0022000000000002,2000-02-27 00:00:00.000,2025-02-28 00:00:00.000,0,
354,233,3,185287.0,13500.0,7.5937000000000001,1995-05-27 00:00:00.000,2025-05-31 00:00:00.000,0,
355,234,3,326768.0,13905.0,7.0225999999999997,2000-03-17 00:00:00.000,2025-03-31 00:00:00.000,0,
363,218,34,1.0000000000000001E-5,0.0,16.206,2020-02-07 00:00:00.000,2020-12-31 00:00:00.000,0,
364,218,35,0.0,0.0,16.206,2020-02-07 00:00:00.000,2020-12-31 00:00:00.000,0,
370,235,3,190000.0,13000.0,6.7857000000000003,1984-11-26 00:00:00.000,2024-11-30 00:00:00.000,0,
371,236,1,240723.0,10908.0,6.6223999999999998,1999-01-13 00:00:00.000,2024-01-12 00:00:00.000,4,2024-01-12 00:00:00.000
373,237,3,254713.92000000001,13905.0,6.9184000000000001,1998-03-20 00:00:00.000,2023-03-31 00:00:00.000,0,
374,237,14,254000.0,70675.0,3.4607999999999999,1997-07-31 00:00:00.000,2023-04-30 00:00:00.000,0,
375,238,1,288552.67999999999,10046.0,6.7895000000000003,1998-02-01 00:00:00.000,2028-01-31 00:00:00.000,0,
384,239,3,303870.0,14820.0,6.6500000000000004,2007-02-05 00:00:00.000,2032-02-28 00:00:00.000,0,
388,240,3,286500.0,14490.0,6.7507000000000001,2002-09-26 00:00:00.000,2027-09-30 00:00:00.000,0,
390,241,3,290000.0,14490.0,6.6513999999999998,2003-12-20 00:00:00.000,2028-12-31 00:00:00.000,0,
404,242,3,140000.0,9804.0,6.9135999999999997,2000-08-01 00:00:00.000,2025-07-31 00:00:00.000,0,
405,243,3,266868.0,15120.0,7.0,1999-12-04 00:00:00.000,2024-12-31 00:00:00.000,0,
406,244,1,252967.0,10125.0,6.4000000000000004,1998-10-19 00:00:00.000,2024-01-31 00:00:00.000,0,
407,245,3,243337.0,13905.0,6.7999999999999998,1998-10-03 00:00:00.000,2023-10-31 00:00:00.000,0,
418,246,3,167400.0,13905.0,6.8327,1994-10-29 00:00:00.000,2024-10-31 00:00:00.000,0,
419,247,3,271197.0,13905.0,6.0643000000000002,1997-03-14 00:00:00.000,2027-03-31 00:00:00.000,0,
421,248,3,293700.0,15120.0,6.5266999999999999,2000-09-03 00:00:00.000,2028-07-31 00:00:00.000,0,
427,250,3,368000.0,14490.0,6.2004999999999999,2002-05-24 00:00:00.000,2027-05-31 00:00:00.000,0,
428,251,13,546208.0,70000.0,7.0008999999999997,1998-04-30 00:00:00.000,2025-04-30 00:00:00.000,0,
429,252,3,360000.0,14490.0,6.5004999999999997,2002-06-28 00:00:00.000,2027-06-30 00:00:00.000,0,
431,253,3,304212.0,14725.0,6.3010000000000002,1999-08-07 00:00:00.000,2029-08-31 00:00:00.000,0,
432,254,3,405000.0,15680.0,6.1569000000000003,2002-03-23 00:00:00.000,2022-03-31 00:00:00.000,0,
433,255,3,270000.0,14820.0,6.2999999999999998,2004-07-16 00:00:00.000,2029-07-31 00:00:00.000,0,
434,256,3,325000.0,14490.0,6.0185000000000004,2002-07-19 00:00:00.000,2027-08-31 00:00:00.000,0,
442,257,3,315000.0,14189.0,6.0,2008-10-06 00:00:00.000,2033-10-31 00:00:00.000,0,
443,258,3,275000.0,14560.0,6.25,2003-11-15 00:00:00.000,2028-11-30 00:00:00.000,0,
444,259,37,183750.0,18750.0,9.1875,1993-05-14 00:00:00.000,2023-12-31 00:00:00.000,0,
445,260,1,190723.56,10906.0,7.6288999999999998,1996-12-13 00:00:00.000,2025-09-30 00:00:00.000,0,
446,261,37,242328.0,19200.0,5.7697000000000003,2001-09-30 00:00:00.000,2020-12-31 00:00:00.000,0,
447,262,1,133154.0,11252.0,5.1212999999999997,1996-09-04 00:00:00.000,2023-02-28 00:00:00.000,0,
448,263,1,189904.92000000001,10929.0,6.1260000000000003,1996-05-01 00:00:00.000,2036-12-31 00:00:00.000,0,
449,264,1,157609.56,10722.0,7.6882000000000001,1996-10-13 00:00:00.000,2025-07-31 00:00:00.000,0,
450,265,3,224787.0,13500.0,5.0514000000000001,1994-12-14 00:00:00.000,2024-12-31 00:00:00.000,0,
451,266,1,203155.95999999999,10125.0,7.0053999999999998,1997-05-27 00:00:00.000,2031-01-31 00:00:00.000,0,
452,267,1,171000.0,10195.0,6.8399999999999999,1999-12-27 00:00:00.000,2037-11-08 00:00:00.000,0,
453,268,37,236496.0,19097.0,4.6372,2012-09-21 00:00:00.000,2027-09-30 00:00:00.000,0,
455,269,3,246000.0,13905.0,6.2995999999999999,1998-12-19 00:00:00.000,2028-12-31 00:00:00.000,0,
456,270,1,187781.0,10125.0,7.0994999999999999,1998-08-10 00:00:00.000,2024-01-31 00:00:00.000,0,
457,271,3,333000.0,13575.0,6.5,2003-05-24 00:00:00.000,2028-05-31 00:00:00.000,0,
458,272,3,264337.0,14490.0,7.3426999999999998,2001-12-07 00:00:00.000,2026-12-31 00:00:00.000,0,
460,273,3,362500.0,15799.0,7.25,2000-05-20 00:00:00.000,2032-08-31 00:00:00.000,0,
462,274,3,250290.0,13905.0,7.0011000000000001,1998-05-29 00:00:00.000,2028-05-31 00:00:00.000,0,
463,275,3,338600.0,14560.0,6.3242000000000003,2004-06-26 00:00:00.000,2029-06-30 00:00:00.000,0,
464,276,3,294000.0,13650.0,6.25,2002-10-12 00:00:00.000,2027-10-31 00:00:00.000,0,
465,277,39,71595.0,2455.0,6.4038000000000004,2012-03-20 00:00:00.000,2027-03-19 00:00:00.000,0,
466,278,3,345000.0,14820.0,4.9286000000000003,2014-08-04 00:00:00.000,2034-08-31 00:00:00.000,0,
467,279,3,320500.0,14560.0,6.3029000000000002,2004-06-08 00:00:00.000,2029-05-31 00:00:00.000,0,
468,280,3,345000.0,14753.0,6.0,2006-03-16 00:00:00.000,2031-03-31 00:00:00.000,0,
469,281,2,587944.0,72674.0,6.7533000000000003,2002-05-24 00:00:00.000,2023-05-31 00:00:00.000,0,
470,281,41,48000.0,600.0,6.0301999999999998,2020-08-17 00:00:00.000,2025-08-31 00:00:00.000,0,
471,281,42,22500.0,1.0,6.5225,2002-05-24 00:00:00.000,2023-05-31 00:00:00.000,0,
472,281,43,9000.0,1058.0,6.7533000000000003,2021-01-01 00:00:00.000,2025-12-31 00:00:00.000,0,
473,282,3,347500.0,15120.0,6.1997999999999998,2004-08-28 00:00:00.000,2029-08-31 00:00:00.000,0,
474,283,40,438608.0,26449.0,6.0000999999999998,2019-01-11 00:00:00.000,2037-01-31 00:00:00.000,0,
475,284,3,275000.0,14820.0,6.4139999999999997,2006-11-06 00:00:00.000,2031-11-30 00:00:00.000,0,
476,285,3,244000.0,13905.0,5.5,1996-07-20 00:00:00.000,2021-07-31 00:00:00.000,0,
477,286,3,300000.0,15120.0,6.0,2001-12-14 00:00:00.000,2030-12-31 00:00:00.000,0,
478,287,3,264200.0,13905.0,6.0,1996-08-09 00:00:00.000,2026-08-31 00:00:00.000,0,
479,288,1,283138.64000000001,10125.0,6.5019999999999998,1999-11-01 00:00:00.000,2025-01-31 00:00:00.000,4,2025-01-31 00:00:00.000
480,289,3,260000.0,15525.0,6.3414999999999999,1996-02-01 00:00:00.000,2026-01-31 00:00:00.000,0,
490,290,3,212000.0,14820.0,6.7949000000000002,2005-06-25 00:00:00.000,2030-06-30 00:00:00.000,0,
492,291,3,349329.0,14490.0,6.4000000000000004,2001-10-13 00:00:00.000,2031-10-31 00:00:00.000,0,
501,292,3,337000.0,14820.0,6.25,2007-10-29 00:00:00.000,2032-10-31 00:00:00.000,0,
502,293,3,276000.0,15120.0,6.1062000000000003,2002-07-30 00:00:00.000,2027-07-31 00:00:00.000,0,
503,294,4,82228.0,2901.0,7.0885999999999996,2015-06-14 00:00:00.000,2025-12-31 00:00:00.000,0,
504,295,1,176165.0,10908.0,5.8722000000000003,1997-10-29 00:00:00.000,2032-12-31 00:00:00.000,0,
505,296,44,180000.0,49936.0,6.8571,2011-12-22 00:00:00.000,2031-12-31 00:00:00.000,0,
506,297,3,285000.0,15120.0,6.9852999999999996,2000-08-30 00:00:00.000,2030-08-31 00:00:00.000,0,
508,115,49,26400.0,1200.0,7.7789999999999999,2021-06-01 00:00:00.000,2023-07-31 00:00:00.000,0,
509,298,1,190350.0,10908.0,6.4524999999999997,1999-11-15 00:00:00.000,2024-11-30 00:00:00.000,0,
510,299,1,295869.0,15251.0,5.9771999999999998,2000-08-24 00:00:00.000,2030-08-31 00:00:00.000,0,
511,300,47,89124.0,3183.0,7.0797999999999996,2013-11-01 00:00:00.000,2023-11-30 00:00:00.000,0,
512,300,48,51765.0,1785.0,4.4786000000000001,2013-11-01 00:00:00.000,2023-11-30 00:00:00.000,0,
521,301,15,444257.04999999999,80774.0,7.3719000000000001,1981-07-01 00:00:00.000,2034-01-31 00:00:00.000,0,
522,301,51,30516.119999999999,8000.0,1.9725000000000001,1981-07-01 00:00:00.000,2034-01-31 00:00:00.000,0,
523,301,52,554023.07999999996,95015.0,2.1314000000000002,1981-07-01 00:00:00.000,2023-01-31 00:00:00.000,0,
524,301,53,475361.03999999998,50038.0,4.5911999999999997,1989-10-01 00:00:00.000,2025-01-31 00:00:00.000,0,
525,301,3,82500.0,13900.0,6.7018000000000004,1996-10-25 00:00:00.000,2021-10-31 00:00:00.000,0,
526,301,20,104242.0,6597.0,7.0681000000000003,1969-09-24 00:00:00.000,2028-01-31 00:00:00.000,0,
527,301,55,3600.0,642.0,7.5308999999999999,2020-12-02 00:00:00.000,2021-12-31 00:00:00.000,0,
540,302,50,1017423.22,73096.0,6.5571000000000002,2004-11-05 00:00:00.000,2024-11-04 00:00:00.000,0,
541,302,64,44381.760000000002,2347.0,5.9847999999999999,2019-04-01 00:00:00.000,2025-06-30 00:00:00.000,5,2023-06-30 00:00:00.000
542,302,62,49396.559999999998,3659.0,6.2458999999999998,2012-06-01 00:00:00.000,2024-12-31 00:00:00.000,5,2024-12-18 00:00:00.000
543,302,61,29424.48,1201.0,6.5365000000000002,2005-12-16 00:00:00.000,2024-05-31 00:00:00.000,0,
544,302,60,20400.0,1200.0,6.7096,2017-10-01 00:00:00.000,2032-09-30 00:00:00.000,0,
545,302,6,21618.0,1201.0,6.8296000000000001,2005-06-10 00:00:00.000,2025-11-30 00:00:00.000,0,
556,303,1,440495.0,13824.0,5.7432999999999996,2002-11-01 00:00:00.000,2022-10-31 00:00:00.000,0,
557,304,1,273344.0,13813.0,5.7498000000000005,2005-09-21 00:00:00.000,2025-09-21 00:00:00.000,0,
561,305,57,218378.0,33816.0,6.7504999999999997,2017-11-12 00:00:00.000,2027-11-30 00:00:00.000,0,
577,306,65,531180.0,44265.0,5.9900000000000002,1999-09-02 00:00:00.000,2024-09-30 00:00:00.000,0,
578,306,68,41580.0,1512.0,5.3117999999999999,2003-12-01 00:00:00.000,2023-09-30 00:00:00.000,3,2023-09-30 00:00:00.000
579,306,69,31611.0,1480.0,5.7275999999999998,2000-04-01 00:00:00.000,2023-10-31 00:00:00.000,0,
580,306,70,37303.199999999997,1512.0,6.0437000000000003,2000-04-01 00:00:00.000,2024-04-30 00:00:00.000,0,
581,307,15,473500.0,72743.0,5.9500000000000002,1999-05-17 00:00:00.000,2028-03-31 00:00:00.000,0,
582,308,2,417657.84000000003,77127.0,5.9779,1981-01-01 00:00:00.000,2027-12-31 00:00:00.000,0,
583,308,42,35000.0,0.0,5.9779,2003-10-01 00:00:00.000,2025-12-31 00:00:00.000,0,
584,309,56,855552.0,113963.0,5.9004000000000003,1993-04-01 00:00:00.000,2023-12-31 00:00:00.000,0,
585,310,74,12826.299999999999,1036.0,6.1965000000000003,2013-05-13 00:00:00.000,2024-09-30 00:00:00.000,0,
586,310,75,19475.759999999998,1400.0,0.1087,2016-03-24 00:00:00.000,2024-06-30 00:00:00.000,0,
587,310,76,80400.360000000001,4245.0,0.2737,2005-08-01 00:00:00.000,2025-07-31 00:00:00.000,0,
588,310,77,26855.040000000001,1025.0,0.95509999999999995,2005-07-01 00:00:00.000,2025-06-30 00:00:00.000,0,
589,310,14,466872.0,70020.0,1.1827000000000001,2005-03-17 00:00:00.000,2025-03-31 00:00:00.000,0,
590,310,78,11698.08,1000.0,5.1391999999999998,2020-05-31 00:00:00.000,2022-05-31 00:00:00.000,1,
591,310,79,24760.0,1000.0,5.2384000000000004,2005-04-01 00:00:00.000,2028-04-30 00:00:00.000,0,
592,310,80,23423.810000000001,1400.0,5.4481999999999999,2011-11-01 00:00:00.000,2028-10-31 00:00:00.000,0,
593,310,81,58427.410000000003,2800.0,5.6467000000000001,2019-05-01 00:00:00.000,2024-04-30 00:00:00.000,0,
594,310,82,71506.600000000006,5018.0,6.1418999999999997,2016-07-15 00:00:00.000,2023-07-31 00:00:00.000,0,
595,311,2,350000.0,56698.0,6.25,2005-09-21 00:00:00.000,2030-10-31 00:00:00.000,0,
596,312,72,31606.439999999999,3397.0,5.8754999999999997,2018-06-16 00:00:00.000,2039-10-28 00:00:00.000,0,
597,312,72,335140.85999999999,44633.0,0.50639999999999996,1998-11-01 00:00:00.000,2039-10-31 00:00:00.000,0,
598,313,73,487560.0,60945.0,6.7800000000000002,2015-06-16 00:00:00.000,2027-06-30 00:00:00.000,0,
599,314,73,504000.0,63000.0,6.7800000000000002,2015-06-16 00:00:00.000,2027-06-30 00:00:00.000,0,
600,315,73,689000.0,53000.0,11.0175,2015-06-15 00:00:00.000,2027-06-30 00:00:00.000,0,
601,316,73,276000.0,34500.0,6.7788000000000004,2015-06-16 00:00:00.000,2027-06-30 00:00:00.000,0,
603,317,66,113600.0,3200.0,5.8255999999999997,2021-04-01 00:00:00.000,2028-03-31 00:00:00.000,0,
611,318,1,165000.0,10868.0,7.6402000000000001,2022-01-01 00:00:00.000,2026-12-31 00:00:00.000,0,
612,319,1,132572.16,9735.0,4.8662999999999998,2000-09-27 00:00:00.000,2023-01-31 00:00:00.000,0,
624,321,2,1186940.6000000001,86638.0,7.1052,2008-06-26 00:00:00.000,2028-06-30 00:00:00.000,0,
625,321,5,55088.0,2504.0,4.7778,2019-04-01 00:00:00.000,2024-03-31 00:00:00.000,0,
626,321,85,33744.0,1985.0,4.9991000000000003,2020-08-17 00:00:00.000,2023-12-31 00:00:00.000,4,2024-05-31 00:00:00.000
627,321,86,91840.880000000005,5000.0,5.1345999999999998,2017-11-01 00:00:00.000,2023-01-31 00:00:00.000,0,
628,321,87,36651.959999999999,2800.0,5.5034000000000001,2021-09-24 00:00:00.000,2026-12-31 00:00:00.000,0,
629,321,88,42600.0,2125.0,5.6505999999999998,2019-12-01 00:00:00.000,2029-11-30 00:00:00.000,0,
630,321,89,32135.400000000001,1623.0,5.8216999999999999,2010-10-11 00:00:00.000,2030-10-31 00:00:00.000,0,
631,321,90,72600.0,3000.0,5.9507000000000003,2010-12-12 00:00:00.000,2026-06-30 00:00:00.000,0,
632,321,91,31957.200000000001,1614.0,6.2423000000000002,2013-03-13 00:00:00.000,2023-02-28 00:00:00.000,0,
633,321,68,26136.0,1584.0,6.3705999999999996,2014-12-01 00:00:00.000,2031-09-30 00:00:00.000,0,
634,321,8,32931.360000000001,1512.0,6.4756,2011-03-08 00:00:00.000,2026-03-31 00:00:00.000,0,
635,321,92,31798.799999999999,1460.0,6.6078999999999999,2010-11-14 00:00:00.000,2026-03-31 00:00:00.000,0,
636,321,93,33780.0,1332.0,6.7355999999999998,2022-09-01 00:00:00.000,2029-11-30 00:00:00.000,4,2023-05-04 00:00:00.000
637,321,94,39687.959999999999,1936.0,6.8712,2022-01-01 00:00:00.000,2026-12-31 00:00:00.000,0,
638,322,67,108000.0,2927.0,5.6841999999999997,2022-01-13 00:00:00.000,2042-01-12 00:00:00.000,0,
639,321,97,12000.0,0.0,7.0305999999999997,2020-06-23 00:00:00.000,2025-06-30 00:00:00.000,0,
640,321,97,12000.0,0.0,7.0305999999999997,2020-06-23 00:00:00.000,2025-06-30 00:00:00.000,0,
641,310,98,21000.0,1400.0,6.7477999999999998,2022-02-09 00:00:00.000,2027-04-08 00:00:00.000,0,
652,323,84,115238.0,5686.0,5.5125000000000002,2022-01-16 00:00:00.000,2037-01-31 00:00:00.000,0,
653,300,102,0.0,0.0,7.0797999999999996,2022-01-01 00:00:00.000,2022-12-31 00:00:00.000,0,
654,206,20,0.0,0.0,6.9424000000000001,2022-01-01 00:00:00.000,2022-12-31 00:00:00.000,0,
655,324,96,418972.79999999999,55128.0,6.4200999999999997,2001-06-01 00:00:00.000,2036-07-31 00:00:00.000,0,
656,324,77,25500.0,1500.0,5.2535999999999996,2015-06-18 00:00:00.000,2025-12-31 00:00:00.000,0,
657,324,101,67850.0,5428.0,5.5732999999999997,2004-01-01 00:00:00.000,2026-07-31 00:00:00.000,0,
658,302,103,0.0,0.0,6.9566999999999997,2022-01-01 00:00:00.000,2022-12-31 00:00:00.000,5,2025-01-01 00:00:00.000
659,302,103,0.0,0.0,6.9566999999999997,2022-01-01 00:00:00.000,2022-12-31 00:00:00.000,5,2025-01-01 00:00:00.000
660,325,1,424489.5,13013.0,6.1513,2006-07-31 00:00:00.000,2032-01-31 00:00:00.000,0,
661,325,99,28740.0,1916.0,5.0533999999999999,2019-02-22 00:00:00.000,2029-02-28 00:00:00.000,0,
662,325,100,22514.59,1600.0,5.3956,2017-01-01 00:00:00.000,2027-04-30 00:00:00.000,0,
663,325,80,26348.0,1882.0,5.6635999999999997,2020-10-26 00:00:00.000,2027-10-31 00:00:00.000,0,
664,325,8,38356.5,1950.0,5.9772999999999996,2008-01-22 00:00:00.000,2022-12-31 00:00:00.000,0,
665,325,11,0.0,2000.0,6.4339000000000004,2022-02-22 00:00:00.000,2022-12-31 00:00:00.000,0,
671,326,3,211500.0,13905.0,7.4866999999999999,1998-01-03 00:00:00.000,2018-01-31 00:00:00.000,0,
672,327,105,464432.0,29027.0,6.4345999999999997,2000-11-10 00:00:00.000,2023-01-31 00:00:00.000,0,
673,327,106,14923.559999999999,100.0,5.5289999999999999,2002-02-01 00:00:00.000,2027-03-31 00:00:00.000,0,
674,327,107,50400.0,2800.0,5.7065999999999999,2022-06-01 00:00:00.000,2027-05-31 00:00:00.000,5,2024-05-31 00:00:00.000
675,327,108,3914.2800000000002,0.0,6.3065999999999995,2022-01-01 00:00:00.000,2025-12-31 00:00:00.000,0,
705,328,14,542506.0,63508.0,4.9318999999999997,2019-05-16 00:00:00.000,2022-09-23 00:00:00.000,4,2022-06-01 00:00:00.000
706,329,15,710025.0,56802.0,6.9431000000000003,2006-01-01 00:00:00.000,2026-12-31 00:00:00.000,0,
707,329,112,18183.5,1774.0,4.1161000000000003,2012-08-01 00:00:00.000,2025-09-30 00:00:00.000,0,
708,329,113,18168.0,1200.0,4.2214999999999998,2010-03-01 00:00:00.000,2027-02-28 00:00:00.000,0,
709,329,114,52533.519999999997,2936.0,4.3268000000000004,2007-04-15 00:00:00.000,2023-03-31 00:00:00.000,0,
710,329,115,227500.0,9100.0,4.6314000000000002,2009-03-01 00:00:00.000,2029-02-28 00:00:00.000,0,
711,329,116,18195.959999999999,1345.0,5.9501999999999997,2012-03-01 00:00:00.000,2025-01-31 00:00:00.000,0,
712,329,117,34914.0,2116.0,6.0556999999999999,2010-11-01 00:00:00.000,2026-11-30 00:00:00.000,0,
713,329,118,103389.66,5247.0,6.2580999999999998,2005-11-08 00:00:00.000,2025-09-30 00:00:00.000,0,
714,329,119,26137.5,1500.0,6.8574000000000002,2021-03-11 00:00:00.000,2031-04-30 00:00:00.000,4,2024-03-01 00:00:00.000
715,329,120,48130.68,2437.0,7.0090000000000003,2006-04-01 00:00:00.000,2025-06-30 00:00:00.000,0,
716,329,64,58305.0,2990.0,7.2880000000000003,2006-09-22 00:00:00.000,2027-09-30 00:00:00.000,0,
717,329,121,43021.440000000002,2001.0,7.6260000000000003,2006-09-01 00:00:00.000,2024-02-29 00:00:00.000,4,2024-03-01 00:00:00.000
718,329,122,24088.560000000001,1426.0,7.8754,2015-12-01 00:00:00.000,2025-11-30 00:00:00.000,0,
719,330,2,1145733.96,90346.0,7.5625999999999998,1998-10-01 00:00:00.000,2024-01-31 00:00:00.000,0,
720,331,109,72450.0,7000.0,8.3276000000000003,2002-12-12 00:00:00.000,2033-12-31 00:00:00.000,0,
721,332,1,198146.25,10125.0,7.3387000000000002,1999-05-03 00:00:00.000,2025-01-31 00:00:00.000,0,
722,333,104,821256.0,45000.0,6.75,2009-10-22 00:00:00.000,2035-06-30 00:00:00.000,0,
723,334,110,93170.0,5400.0,9.0196000000000005,2005-12-01 00:00:00.000,2025-11-30 00:00:00.000,0,
724,334,123,51142.599999999999,4450.0,5.8231000000000002,2012-09-01 00:00:00.000,2027-08-31 00:00:00.000,0,
725,334,11,0.0,1350.0,9.0195000000000007,2022-01-01 00:00:00.000,2030-12-31 00:00:00.000,3,2024-09-30 00:00:00.000
726,335,1,123070.00999999999,10125.0,6.1535000000000002,1999-11-08 00:00:00.000,2025-01-31 00:00:00.000,0,
727,336,1,205576.0,11170.0,5.5533999999999999,2000-08-30 00:00:00.000,2036-01-31 00:00:00.000,0,
728,337,111,282700.0,14710.0,8.5667000000000009,2008-03-01 00:00:00.000,2028-02-29 00:00:00.000,3,2023-01-01 00:00:00.000
729,338,1,252600.0,10139.0,5.0218999999999996,2001-12-14 00:00:00.000,2037-01-31 00:00:00.000,0,
730,339,1,171552.0,10589.0,0.0,1997-05-01 00:00:00.000,2027-04-30 00:00:00.000,0,
731,340,109,104484.0,6891.0,8.3587000000000007,2003-11-11 00:00:00.000,2026-03-31 00:00:00.000,0,
734,341,11,0.0,1000000.0,0.0,2022-06-10 00:00:00.000,2032-06-10 00:00:00.000,3,2025-01-01 00:00:00.000
754,342,15,1275000.0,102000.0,6.375,2009-11-01 00:00:00.000,2029-12-31 00:00:00.000,0,
755,343,1,279072.0,10880.0,5.2655000000000003,2002-02-01 00:00:00.000,2038-01-31 00:00:00.000,0,
757,333,104,160398.0,0.0,6.75,2009-10-22 00:00:00.000,2022-12-31 00:00:00.000,0,
758,344,125,46000.0,4122.0,5.3487999999999998,2021-05-01 00:00:00.000,2026-04-30 00:00:00.000,0,
759,345,124,772131.47999999998,64885.0,6.7645,1994-09-01 00:00:00.000,2031-08-31 00:00:00.000,0,
760,345,126,111408.0,6600.0,4.2896000000000001,1998-03-26 00:00:00.000,2026-03-31 00:00:00.000,0,
761,345,127,115000.0,10000.0,4.9085999999999999,2010-08-30 00:00:00.000,2026-01-31 00:00:00.000,0,
762,345,128,27192.0,1200.0,5.5473999999999997,2002-10-01 00:00:00.000,2027-12-31 00:00:00.000,0,
763,345,129,46350.0,3000.0,5.6985000000000001,2007-08-27 00:00:00.000,2024-01-31 00:00:00.000,0,
764,345,130,28637.09,1200.0,5.9559999999999995,1996-07-01 00:00:00.000,2023-06-30 00:00:00.000,0,
765,345,70,57030.0,3000.0,6.1151,2000-07-01 00:00:00.000,2023-04-30 00:00:00.000,0,
766,345,131,38400.0,1200.0,6.4318999999999997,1994-10-01 00:00:00.000,2029-09-30 00:00:00.000,0,
767,345,132,21597.389999999999,1200.0,6.6452999999999998,2018-05-01 00:00:00.000,2028-04-30 00:00:00.000,0,
768,345,7,39814.5,1905.0,6.7652999999999999,2014-12-01 00:00:00.000,2025-01-31 00:00:00.000,0,
769,345,80,31836.240000000002,1200.0,6.9863999999999997,1997-04-01 00:00:00.000,2029-07-31 00:00:00.000,0,
770,345,134,21600.0,1200.0,7.1632999999999996,2022-03-01 00:00:00.000,2032-07-31 00:00:00.000,0,
771,345,135,23602.900000000001,1200.0,7.2832999999999997,2019-08-01 00:00:00.000,2024-07-31 00:00:00.000,3,2024-07-31 00:00:00.000
772,345,75,23079.419999999998,1140.0,7.4143999999999997,2022-04-01 00:00:00.000,2023-05-16 00:00:00.000,4,2023-02-15 00:00:00.000
773,345,11,0.0,3500.0,7.4143999999999997,2022-07-19 00:00:00.000,2024-12-31 00:00:00.000,3,2024-06-30 00:00:00.000
774,345,11,0.0,3200.0,7.4143999999999997,2022-07-19 00:00:00.000,2024-12-31 00:00:00.000,3,2025-01-01 00:00:00.000
775,345,11,0.0,5000.0,7.4143999999999997,2022-07-19 00:00:00.000,2023-12-31 00:00:00.000,3,2025-01-01 00:00:00.000
776,345,11,0.0,2700.0,7.4143999999999997,2022-07-19 00:00:00.000,2024-12-31 00:00:00.000,3,2025-01-01 00:00:00.000
803,345,156,8400.0,0.0,7.4143999999999997,2022-03-01 00:00:00.000,2023-02-28 00:00:00.000,4,2023-06-30 00:00:00.000
807,321,157,35865.0,1594.0,7.1745999999999999,2022-11-01 00:00:00.000,2033-01-31 00:00:00.000,0,
808,346,1,365665.29999999999,13013.0,6.8993000000000002,2004-11-01 00:00:00.000,2025-01-31 00:00:00.000,0,
815,347,72,233026.0,49255.0,7.5892999999999997,2009-01-18 00:00:00.000,2029-04-30 00:00:00.000,0,
816,347,143,185000.0,32000.0,1.4643999999999999,2020-09-01 00:00:00.000,2030-12-31 00:00:00.000,0,
817,347,144,218500.0,23000.0,2.6269,2022-10-01 00:00:00.000,2032-10-31 00:00:00.000,0,
818,347,145,172929.60000000001,24018.0,4.0,2022-04-06 00:00:00.000,2033-09-30 00:00:00.000,5,2024-02-05 00:00:00.000
819,347,146,95040.0,6000.0,5.0868000000000002,2019-06-01 00:00:00.000,2024-05-31 00:00:00.000,0,
820,347,147,50000.040000000001,5959.0,5.6840000000000002,2005-04-13 00:00:00.000,2025-07-31 00:00:00.000,0,
821,347,66,54999.959999999999,5500.0,5.9981999999999998,2016-02-03 00:00:00.000,2024-08-31 00:00:00.000,0,
822,347,148,49800.0,5000.0,6.3437999999999999,2014-05-01 00:00:00.000,2025-06-30 00:00:00.000,0,
823,347,149,26086.0,4738.0,6.6568000000000005,2000-07-25 00:00:00.000,2025-11-30 00:00:00.000,0,
824,347,123,56000.040000000001,4000.0,6.8207000000000004,2014-05-01 00:00:00.000,2024-08-31 00:00:00.000,0,
825,347,150,60112.800000000003,3680.0,7.1726000000000001,2015-10-01 00:00:00.000,2035-10-31 00:00:00.000,0,
826,347,151,19142.040000000001,1739.0,7.5503999999999998,1993-06-21 00:00:00.000,2027-07-31 00:00:00.000,0,
827,347,70,24000.0,1600.0,7.6707000000000001,2015-07-29 00:00:00.000,2024-04-30 00:00:00.000,0,
828,347,152,23532.0,1360.0,7.8215000000000003,2015-01-01 00:00:00.000,2031-03-31 00:00:00.000,0,
829,347,153,15860.0,1220.0,7.9694000000000003,2022-10-01 00:00:00.000,2027-09-30 00:00:00.000,0,
830,347,154,16800.0,1200.0,8.0691000000000006,1990-02-15 00:00:00.000,2027-11-30 00:00:00.000,0,
831,347,155,22500.0,0.0,8.1745999999999999,2008-10-28 00:00:00.000,2024-04-30 00:00:00.000,0,
832,347,11,0.0,7461.0,8.3160000000000007,2008-10-01 00:00:00.000,2024-12-31 00:00:00.000,3,2025-01-01 00:00:00.000
833,347,11,0.0,4500.0,8.3160000000000007,2008-10-01 00:00:00.000,2023-12-31 00:00:00.000,0,
834,347,11,0.0,4000.0,8.3160000000000007,2008-10-01 00:00:00.000,2023-12-31 00:00:00.000,0,
836,348,1,317914.0,11200.0,6.6132999999999997,2000-09-21 00:00:00.000,2025-09-20 00:00:00.000,0,
837,349,1,248390.17000000001,13148.0,6.6132999999999997,2000-09-14 00:00:00.000,2025-09-13 00:00:00.000,0,
838,350,1,430551.21999999997,13143.0,6.6132999999999997,1999-08-19 00:00:00.000,2025-06-07 00:00:00.000,0,
839,351,1,396925.21999999997,15487.0,6.6132999999999997,2000-12-07 00:00:00.000,2025-12-06 00:00:00.000,0,
840,352,41,113135.0,3600.0,6.6132999999999997,2004-12-15 00:00:00.000,2024-12-31 00:00:00.000,5,2024-12-17 00:00:00.000
841,353,159,146409.95999999999,3000.0,6.6132999999999997,2007-01-01 00:00:00.000,2032-12-31 00:00:00.000,0,
844,325,163,36000.0,2000.0,6.8624999999999998,2023-05-08 00:00:00.000,2026-02-28 00:00:00.000,0,
845,218,55,0.0,0.0,8.1029999999999998,2020-02-07 00:00:00.000,2020-12-31 00:00:00.000,0,
846,218,164,0.0,0.0,8.1029999999999998,2020-02-07 00:00:00.000,2020-12-31 00:00:00.000,0,
847,218,165,0.0,0.0,8.1029999999999998,2020-02-07 00:00:00.000,2020-12-31 00:00:00.000,0,
848,218,166,0.0,0.0,8.1029999999999998,2020-02-07 00:00:00.000,2020-12-31 00:00:00.000,4,2023-01-01 00:00:00.000
863,302,175,0.0,0.0,6.9566999999999997,2004-03-03 00:00:00.000,2083-03-03 00:00:00.000,5,2025-01-01 00:00:00.000
865,327,107,4032.0,0.0,6.3532000000000002,2023-04-01 00:00:00.000,2027-05-31 00:00:00.000,5,2024-05-30 00:00:00.000
869,302,176,0.0,0.0,6.9566999999999997,2004-03-30 00:00:00.000,2060-03-31 00:00:00.000,5,2025-01-01 00:00:00.000
870,302,176,0.0,0.0,6.9566999999999997,2004-03-30 00:00:00.000,2060-03-30 00:00:00.000,0,
871,302,177,0.0,0.0,6.9566999999999997,2004-03-30 00:00:00.000,2060-03-30 00:00:00.000,6,2025-01-01 00:00:00.000
872,302,178,0.0,0.0,6.9566999999999997,2004-03-30 00:00:00.000,2060-03-30 00:00:00.000,3,2024-09-20 00:00:00.000
873,354,1,299689.39000000001,13013.0,6.8894000000000002,2004-02-01 00:00:00.000,2027-01-31 00:00:00.000,0,
874,345,179,50000.0,5000.0,7.4611000000000001,2023-12-27 00:00:00.000,2033-10-22 00:00:00.000,0,
875,355,1,257658.39999999999,10880.0,6.5229999999999997,2004-10-25 00:00:00.000,2025-01-31 00:00:00.000,0,
876,302,181,27600.0,1201.0,6.9566999999999997,2023-07-01 00:00:00.000,2028-03-31 00:00:00.000,0,
877,356,14,473907.0,59670.0,7.1717000000000004,1996-03-01 00:00:00.000,2026-02-28 00:00:00.000,0,
878,356,169,45894.599999999999,2300.0,5.0739999999999998,2015-10-01 00:00:00.000,2025-09-30 00:00:00.000,0,
879,356,77,15129.0,1200.0,5.5652999999999997,2010-01-01 00:00:00.000,2025-12-31 00:00:00.000,0,
880,356,170,19366.919999999998,1640.0,5.7272999999999996,2009-05-01 00:00:00.000,2027-04-30 00:00:00.000,0,
881,356,171,27600.0,2000.0,5.9347000000000003,2013-01-01 00:00:00.000,2023-12-31 00:00:00.000,3,2024-01-31 00:00:00.000
882,356,70,26607.0,2060.0,6.2302,2002-01-01 00:00:00.000,2024-04-30 00:00:00.000,0,
883,356,172,57199.919999999998,3520.0,6.5149999999999997,2022-07-07 00:00:00.000,2029-06-30 00:00:00.000,5,2024-12-31 00:00:00.000
884,356,173,16203.959999999999,1200.0,7.1275000000000004,2003-06-01 00:00:00.000,2024-06-30 00:00:00.000,0,
885,356,174,20799.959999999999,1280.0,7.3009000000000004,2022-09-01 00:00:00.000,2025-08-31 00:00:00.000,5,2023-12-31 00:00:00.000
886,356,14,9000.0,0.0,7.5236000000000001,2007-10-29 00:00:00.000,2026-02-28 00:00:00.000,0,
887,345,182,22800.0,1140.0,7.4611000000000001,2023-05-08 00:00:00.000,2028-02-13 00:00:00.000,0,
888,345,182,25080.0,1140.0,7.4611000000000001,2023-05-08 00:00:00.000,2028-02-13 00:00:00.000,0,
889,115,183,9000.0,0.0,7.7789999999999999,2023-06-01 00:00:00.000,2025-05-31 00:00:00.000,5,2023-08-31 00:00:00.000
890,345,183,10200.0,0.0,7.4611000000000001,2023-07-01 00:00:00.000,2025-06-30 00:00:00.000,0,
897,357,11,0.0,11761.0,0.0,2023-12-31 00:00:00.000,2024-12-31 00:00:00.000,3,2025-01-01 00:00:00.000
898,358,1,228718.23000000001,10908.0,6.5347999999999997,1997-07-18 00:00:00.000,2027-07-17 00:00:00.000,0,
907,359,1,287280.0,11970.0,6.0,2006-08-07 00:00:00.000,2032-01-31 00:00:00.000,0,
908,310,192,12000.0,1000.0,6.7477999999999998,2023-06-29 00:00:00.000,2028-06-30 00:00:00.000,0,
909,310,192,12000.0,1000.0,6.7477999999999998,2023-09-01 00:00:00.000,2028-06-30 00:00:00.000,0,
913,360,180,278708.5,61935.0,7.4861000000000004,1994-11-01 00:00:00.000,2024-10-31 00:00:00.000,0,
914,360,184,50000.0,2000.0,4.3798000000000004,2001-11-01 00:00:00.000,2024-10-31 00:00:00.000,0,
915,360,185,68319.600000000006,3518.0,5.1654999999999998,2022-11-01 00:00:00.000,2027-10-31 00:00:00.000,0,
916,360,186,34658.040000000001,2666.0,6.2390999999999996,2022-03-01 00:00:00.000,2028-02-29 00:00:00.000,0,
917,360,11,0.0,2000.0,6.7836999999999996,1994-11-01 00:00:00.000,2039-10-31 00:00:00.000,3,2025-01-01 00:00:00.000
918,361,14,290184.0,63024.0,7.3952999999999998,1995-11-01 00:00:00.000,2037-05-31 00:00:00.000,0,
919,361,188,195165.0,26022.0,3.6273,1996-12-19 00:00:00.000,2033-01-31 00:00:00.000,4,2025-03-31 00:00:00.000
920,361,189,60386.279999999999,4266.0,6.0669000000000004,2015-02-08 00:00:00.000,2026-03-31 00:00:00.000,0,
921,361,190,57426.480000000003,3384.0,6.8216999999999999,2005-01-10 00:00:00.000,2024-04-30 00:00:00.000,3,2024-04-30 00:00:00.000
922,361,191,81573.119999999995,5374.0,7.5395000000000003,2004-09-01 00:00:00.000,2024-11-30 00:00:00.000,0,
923,361,11,0.0,8000.0,8.5592000000000006,2000-01-01 00:00:00.000,2039-12-31 00:00:00.000,3,2025-01-01 00:00:00.000
924,362,1,290095.91999999998,13125.0,6.4466000000000001,2000-06-15 00:00:00.000,2026-01-31 00:00:00.000,0,
926,363,194,0.0,5160.0,0.0,2020-09-04 00:00:00.000,2033-09-04 00:00:00.000,0,
928,364,194,0.0,1757.0,0.0,2022-01-01 00:00:00.000,2033-01-01 00:00:00.000,0,
930,365,194,0.0,87120.0,0.0,2022-04-05 00:00:00.000,2022-04-05 00:00:00.000,0,
932,366,2,0.0,0.0,0.0,2023-09-27 00:00:00.000,2023-09-27 00:00:00.000,0,
947,294,4,46200.0,0.0,7.0885999999999996,2023-01-01 00:00:00.000,2025-06-30 00:00:00.000,0,
948,367,1,164997.0,10125.0,7.2526000000000002,2009-01-08 00:00:00.000,2029-01-31 00:00:00.000,0,
949,310,201,39150.0,1450.0,6.7477999999999998,2024-03-18 00:00:00.000,2029-03-31 00:00:00.000,0,
950,218,183,8400.0,0.0,8.1029999999999998,2024-02-01 00:00:00.000,2025-01-31 00:00:00.000,0,
951,331,109,67380.0,7000.0,8.3276000000000003,2024-01-01 00:00:00.000,2033-12-31 00:00:00.000,0,
953,306,68,43092.0,1512.0,6.4192999999999998,2023-11-01 00:00:00.000,2028-10-31 00:00:00.000,0,
954,356,203,30000.0,2000.0,7.6200000000000001,2024-05-07 00:00:00.000,2029-04-11 00:00:00.000,0,
956,321,204,37296.0,1332.0,7.1745999999999999,2024-08-01 00:00:00.000,2029-07-31 00:00:00.000,0,
958,368,202,70733.639999999999,2380.0,6.8540000000000001,2023-10-25 00:00:00.000,2033-10-31 00:00:00.000,0,
959,369,1,159020.29000000001,10110.0,7.2512999999999996,1999-12-06 00:00:00.000,2028-01-31 00:00:00.000,0,
960,370,1,225000.0,9250.0,6.8182,1992-01-13 00:00:00.000,2028-01-31 00:00:00.000,0,
961,371,50,836826.12,68090.0,7.9706000000000001,2002-02-01 00:00:00.000,2027-01-31 00:00:00.000,0,
962,371,195,146464.56,7511.0,5.4164000000000003,2002-01-01 00:00:00.000,2026-12-31 00:00:00.000,0,
963,371,162,60000.0,2500.0,6.3643000000000001,2016-01-01 00:00:00.000,2025-12-31 00:00:00.000,0,
964,371,196,52800.0,2400.0,6.7526999999999999,2022-03-01 00:00:00.000,2027-02-28 00:00:00.000,0,
965,371,130,32000.040000000001,1600.0,7.0944000000000003,2023-02-01 00:00:00.000,2028-01-31 00:00:00.000,0,
966,371,68,11800.48,2252.0,7.3015999999999996,2015-07-01 00:00:00.000,2025-06-30 00:00:00.000,0,
967,371,68,36000.0,1600.0,7.3779000000000003,2005-11-23 00:00:00.000,2026-02-23 00:00:00.000,0,
968,371,197,35440.0,1600.0,7.6109,2001-11-09 00:00:00.000,2028-10-31 00:00:00.000,0,
969,371,198,30750.0,1500.0,7.8403,2004-10-01 00:00:00.000,2024-09-30 00:00:00.000,0,
970,371,199,32560.0,1600.0,8.0394000000000005,2017-09-12 00:00:00.000,2027-11-30 00:00:00.000,0,
971,371,77,41436.480000000003,1600.0,8.2500999999999998,2002-04-01 00:00:00.000,2027-03-31 00:00:00.000,0,
972,371,200,4200.0,0.0,8.5183,2023-02-01 00:00:00.000,2028-01-31 00:00:00.000,0,
973,371,11,0.0,1600.0,8.5455000000000005,2023-01-01 00:00:00.000,2028-12-31 00:00:00.000,3,2025-01-01 00:00:00.000
974,345,205,35000.0,3500.0,7.4611000000000001,2024-07-01 00:00:00.000,2029-06-30 00:00:00.000,0,
975,329,206,30000.0,1500.0,8.0150000000000006,2024-05-02 00:00:00.000,2025-04-30 00:00:00.000,3,2025-04-30 00:00:00.000
976,301,55,3300.0,0.0,7.5468999999999999,2021-01-01 00:00:00.000,2026-12-31 00:00:00.000,0,
977,301,95,3043.7800000000002,0.0,7.5468999999999999,2008-01-01 00:00:00.000,2024-12-31 00:00:00.000,0,
978,321,208,3690.52,0.0,7.1745999999999999,2008-01-01 00:00:00.000,2024-12-31 00:00:00.000,5,2021-12-01 00:00:00.000
979,321,209,3690.52,0.0,7.1745999999999999,2012-01-12 00:00:00.000,2027-12-31 00:00:00.000,5,2021-12-01 00:00:00.000
980,321,210,3690.52,0.0,7.1745999999999999,2015-01-01 00:00:00.000,2027-12-31 00:00:00.000,5,2021-12-01 00:00:00.000
981,321,211,3690.52,0.0,7.1745999999999999,2022-01-01 00:00:00.000,2027-12-31 00:00:00.000,5,2021-12-01 00:00:00.000
982,329,212,45000.0,2001.0,8.0150000000000006,2025-03-01 00:00:00.000,2032-02-29 00:00:00.000,0,
986,321,183,7200.0,0.0,7.1745999999999999,2024-09-01 00:00:00.000,2025-08-31 00:00:00.000,0,
988,345,213,24000.0,1200.0,7.4611000000000001,2024-11-24 00:00:00.000,2027-08-25 00:00:00.000,0,
989,281,183,7800.0,0.0,6.7533000000000003,2024-10-01 00:00:00.000,2025-09-30 00:00:00.000,4,2024-12-12 00:00:00.000
990,330,183,4800.0,0.0,0.0,2024-10-01 00:00:00.000,2025-09-30 00:00:00.000,4,2024-09-27 00:00:00.000
991,372,1,270042.0,12350.0,7.3983999999999996,2004-08-02 00:00:00.000,2030-01-31 00:00:00.000,0,
996,347,216,3600.0,0.0,8.3160000000000007,2024-09-01 00:00:00.000,2025-08-31 00:00:00.000,0,
997,361,216,3600.0,0.0,8.5592000000000006,2024-09-01 00:00:00.000,2025-08-31 00:00:00.000,0,
998,342,217,2700.0,0.0,6.375,2024-09-01 00:00:00.000,2025-08-31 00:00:00.000,0,
999,327,218,3900.0,0.0,6.3532000000000002,2024-09-01 00:00:00.000,2025-08-31 00:00:00.000,0,
1001,368,219,1000.0,0.0,6.8540000000000001,2024-09-19 00:00:00.000,2025-09-18 00:00:00.000,3,2024-09-19 00:00:00.000
1003,334,220,14850.0,1350.0,9.0195000000000007,2024-10-01 00:00:00.000,2029-09-30 00:00:00.000,0,
1004,115,183,6000.0,0.0,7.7789999999999999,2024-11-01 00:00:00.000,2025-10-31 00:00:00.000,4,2024-11-20 00:00:00.000
1005,301,221,49660.0,4996.0,7.5468999999999999,2025-02-01 00:00:00.000,2030-01-31 00:00:00.000,0,
1006,115,222,65000.0,0.0,7.7789999999999999,2025-06-11 00:00:00.000,2040-06-10 00:00:00.000,0,
1007,360,223,6600.0,0.0,6.7836999999999996,2024-10-01 00:00:00.000,2025-09-30 00:00:00.000,0,
1008,218,224,0.0,0.0,8.1029999999999998,2023-01-01 00:00:00.000,2028-12-31 00:00:00.000,0,
1009,373,1,268228.0,10908.0,7.2026000000000003,2000-01-14 00:00:00.000,2020-01-13 00:00:00.000,0,
1010,374,1,212457.0,10908.0,7.1996000000000002,1998-10-01 00:00:00.000,2028-09-30 00:00:00.000,0,
1011,375,144,244948.0,22268.0,7.7554999999999996,2021-10-28 00:00:00.000,2031-10-31 00:00:00.000,0,
1012,375,214,824472.0,37476.0,1.2465999999999999,2024-11-08 00:00:00.000,2033-08-14 00:00:00.000,0,
1013,375,105,237500.0,25000.0,5.4423000000000004,2011-02-01 00:00:00.000,2027-01-31 00:00:00.000,0,
1014,375,215,208625.0,9764.0,6.6509999999999998,2024-05-31 00:00:00.000,2035-01-31 00:00:00.000,0,
1020,376,2,502425.0,60501.0,7.0749000000000004,1995-10-29 00:00:00.000,2034-10-31 00:00:00.000,0,
1021,376,127,64312.5,8575.0,6.6109,2003-02-01 00:00:00.000,2028-01-31 00:00:00.000,0,
1022,376,225,28178.52,1938.0,7.4570999999999996,2001-01-01 00:00:00.000,2025-12-31 00:00:00.000,0,
1023,376,41,26400.0,0.0,7.8277999999999999,2016-08-08 00:00:00.000,2026-11-30 00:00:00.000,0,
1024,376,226,10363.200000000001,802.0,8.1752000000000002,2010-11-01 00:00:00.000,2025-10-31 00:00:00.000,0,
1025,44,227,196149.95999999999,13813.0,6.4039000000000001,2025-03-03 00:00:00.000,2035-03-31 00:00:00.000,0,
1026,310,228,16000.0,1000.0,6.7477999999999998,2025-03-01 00:00:00.000,2028-02-28 00:00:00.000,0,
1027,302,229,36590.0,3659.0,6.9566999999999997,2025-07-29 00:00:00.000,2035-07-30 00:00:00.000,0,
1028,321,230,0.0,0.0,7.1745999999999999,2025-01-01 00:00:00.000,2025-12-31 00:00:00.000,0,
1030,356,231,59840.0,3520.0,7.6200000000000001,2025-05-01 00:00:00.000,2030-04-30 00:00:00.000,0,
1033,376,216,3900.0,0.0,8.3116000000000003,2024-12-19 00:00:00.000,2026-07-31 00:00:00.000,0,
1040,356,234,18560.0,1280.0,7.6200000000000001,2025-08-01 00:00:00.000,2030-07-31 00:00:00.000,0,
1042,377,2,610750.0,47902.0,7.6992000000000003,2007-05-24 00:00:00.000,2037-05-31 00:00:00.000,0,
1043,377,232,55404.0,2052.0,7.2864000000000004,1997-09-01 00:00:00.000,2031-12-31 00:00:00.000,0,
1044,377,233,46671.0,3145.0,7.9474,2002-10-01 00:00:00.000,2028-09-30 00:00:00.000,0,
1045,330,183,4800.0,0.0,0.0,2024-10-01 00:00:00.000,2025-09-30 00:00:00.000,4,2024-09-27 00:00:00.000
1046,378,202,110822.0,7309.0,7.4376999999999995,2021-09-01 00:00:00.000,2031-08-31 00:00:00.000,0,
1047,379,202,171560.95000000001,4273.0,7.4527000000000001,2019-12-30 00:00:00.000,2029-12-31 00:00:00.000,0,
1048,380,1,275524.56,10125.0,8.2492000000000001,2004-06-28 00:00:00.000,2030-01-31 00:00:00.000,0,
1049,381,1,287280.0,10125.0,8.2504000000000008,2005-06-13 00:00:00.000,2031-01-31 00:00:00.000,0,
1050,382,1,240000.0,10125.0,8.0402000000000005,1999-08-12 00:00:00.000,2031-01-31 00:00:00.000,0,
1051,383,1,248670.0,10125.0,7.2499000000000002,1999-08-08 00:00:00.000,2030-01-31 00:00:00.000,0,
