1,43,Property_0001,TX,Texas,San Antonio,16050.0,2014-04-25 00:00:00,2892966.0,7.450055064594606,1,6,0,5
10,52,Property_0010,MN,Minnesota,Inver Grove Heights,13905.0,2015-06-15 00:00:00,3563000.0,6.63884367106371,1,6,0,5
100,18,Property_0100,TX,Texas,Cleveland,10906.0,2015-09-01 00:00:00,2785000.0,7.2177737881508079,1,6,0,7
101,226,Property_0101,TX,Texas,Jacinto City,13905.0,2015-10-27 00:00:00,2651400.0,7.5,1,6,0,5
102,7,Property_0102,MO,Missouri,Belton,10908.0,2015-11-10 00:00:00,4675000.0,7.8652917647058826,1,6,0,5
103,33,Property_0103,GA,Georgia,Perry,10125.0,2016-03-15 00:00:00,2815000.0,6.6421999999999999,1,6,0,6
104,127,Property_0104,OK,Oklahoma,Oklahoma City,13905.0,2015-12-30 00:00:00,3615000.0,6.7496542185338866,1,6,0,6
105,17,Property_0105,AZ,Arizona,Oro Valley,14884.0,2016-09-09 00:00:00,2150000.0,0.0,1,6,0,7
106,193,Property_0106,TX,Texas,Spring,13500.0,2016-06-09 00:00:00,1200000.0,15.833333333333332,1,6,0,5
107,194,Property_0107,NC,North Carolina,Rocky Mount,10125.0,2016-09-16 00:00:00,3300000.0,7.6656727272727281,1,6,0,6
108,32,Property_0108,KY,Kentucky,Erlanger,15120.0,2016-12-14 00:00:00,5200000.0,7.0769230769230766,1,6,0,5
109,35,Property_0109,MD,Maryland,Baltimore,15120.0,2017-01-31 00:00:00,5440560.0,7.1499992647815658,1,6,0,5
11,53,Property_0011,TX,Texas,Houston,10908.0,2016-09-20 00:00:00,3700000.0,5.9459481081081078,1,6,0,5
110,34,Property_0110,TN,Tennessee,Memphis,13905.0,2017-03-13 00:00:00,4986000.0,7.4007220216606493,1,6,0,5
111,191,Property_0111,CT,Connecticut,Torrington,15120.0,2017-04-04 00:00:00,5737500.0,7.6688453159041394,1,6,0,6
112,192,Property_0112,OR,Oregon,Clackamas,7124.0,2017-07-03 00:00:00,1150000.0,7.9295652173913043,1,6,0,5
113,19,Property_0113,IL,Illinois,Mokena,15120.0,2014-08-15 00:00:00,3750000.0,6.7199999999999998,1,6,0,5
114,20,Property_0114,AL,Alabama,Athens,10125.0,2015-12-30 00:00:00,2770000.0,7.0822743682310465,1,6,0,5
115,41,Property_0115,PA,Pennsylvania,New Kensington,108950.0,2018-03-22 00:00:00,9700000.0,8.9278722680412397,1,6,1,5
116,140,Property_0116,SC,South Carolina,Columbia,10125.0,2018-08-27 00:00:00,2900000.0,6.8186999999999998,1,6,0,6
117,134,Property_0117,OH,Ohio,Medina,90346.0,2018-10-04 00:00:00,15150000.0,7.8702112211221129,1,6,0,6
118,142,Property_0118,CO,Colorado,Durango,47481.0,2018-11-30 00:00:00,8367718.0,7.8099976600549876,3,6,0,5
119,143,Property_0119,WI,Wisconsin,Greenfield,13500.0,2018-12-06 00:00:00,3085000.0,6.9886547811993518,1,6,0,5
12,54,Property_0012,IL,Illinois,Danville,13500.0,2014-10-15 00:00:00,2575000.0,7.0974757281553389,1,6,0,5
120,133,Property_0120,MN,Minnesota,Rochester,70722.0,2018-11-05 00:00:00,11500000.0,7.49395652173913,1,6,0,5
121,139,Property_0121,TN,Tennessee,Hendersonville,10125.0,2018-10-31 00:00:00,2375000.0,7.2729684210526324,1,6,0,5
122,145,Property_0122,WI,Wisconsin,Milwaukee,13000.0,2018-11-13 00:00:00,2616363.0,7.1499986813756351,1,6,0,5
123,144,Property_0123,MO,Missouri,St. Charles,15120.0,2018-11-14 00:00:00,4390000.0,7.2209576309794983,1,6,0,5
124,148,Property_0124,NC,North Carolina,Hickory,14560.0,2018-12-27 00:00:00,4185714.0,7.0000014334471965,1,6,0,5
125,147,Property_0125,TX,Texas,Dayton,14259.0,2019-01-16 00:00:00,4442000.0,6.5511031067086902,1,6,0,5
126,147,Property_0126,IN,Indiana,Kokomo,14490.0,2019-01-16 00:00:00,4651851.0,6.7500012360671047,1,6,0,5
127,,Property_0127,TX,Texas,Abilene,15120.0,2014-10-24 00:00:00,4742850.0,7.0000105421845502,1,6,0,6
128,,Property_0128,TX,Texas,Amarillo,15120.0,2015-03-05 00:00:00,3650000.0,6.7123287671232879,1,6,0,7
129,,Property_0129,MD,Maryland,Baltimore,13905.0,2015-02-02 00:00:00,4552239.0,6.6999997144262409,1,6,0,7
13,55,Property_0013,IA,Iowa,Marshalltown,13000.0,2015-01-06 00:00:00,2070000.0,6.7607246376811592,1,6,0,5
130,,Property_0130,IL,Illinois,Bannockburn,56745.0,2015-05-01 00:00:00,11000000.0,6.1903636363636396,1,6,0,7
131,,Property_0131,ID,Idaho,Boise,13905.0,2014-04-25 00:00:00,6100000.0,6.6885245901639339,1,6,0,7
132,,Property_0132,MN,Minnesota,Brainerd,15120.0,2016-04-20 00:00:00,4328571.0,7.0000006930693761,1,6,0,6
133,,Property_0133,GA,Georgia,Carrollton,10125.0,2016-04-18 00:00:00,2500000.0,7.7264399999999993,1,6,0,6
134,,Property_0134,AR,Arkansas,Conway,13905.0,2014-12-15 00:00:00,4010000.0,6.8578553615960107,1,6,0,7
135,15,Property_0135,OR,Oregon,Cornelius,14500.0,2016-12-29 00:00:00,5571820.0,6.1500012563219917,1,6,0,7
136,,Property_0136,TX,Texas,Corpus Christi,13500.0,2014-10-02 00:00:00,2950000.0,6.9044406779661021,1,6,0,7
137,,Property_0137,FL,Florida,Davie,10908.0,2015-10-01 00:00:00,3515000.0,6.8116927453769556,1,6,0,7
138,,Property_0138,IL,Illinois,Dekalb,13905.0,2016-04-21 00:00:00,3580000.0,6.8994413407821229,1,6,0,6
139,,Property_0139,IA,Iowa,Des Moines,13905.0,2015-07-31 00:00:00,4442857.0,7.0000002250803925,1,6,0,7
14,57,Property_0014,KS,Kansas,Topeka,13905.0,2015-10-29 00:00:00,3532846.0,6.3705012898948894,1,6,0,5
140,,Property_0140,MO,Missouri,Florissant,13905.0,2015-03-19 00:00:00,4485714.0,7.000000445859901,1,6,0,7
141,,Property_0141,MO,Missouri,Florissant,15120.0,2015-12-23 00:00:00,5292308.0,6.4999996220930463,1,6,0,7
142,,Property_0142,TX,Texas,Fort Worth,13905.0,2014-12-23 00:00:00,5125000.0,7.2195121951219505,1,6,0,7
143,,Property_0143,TX,Texas,Galveston,13500.0,2015-02-02 00:00:00,3000000.0,6.4960000000000004,1,6,0,7
144,,Property_0144,FL,Florida,Gulfport,14725.0,2014-02-06 00:00:00,3577378.0,7.4747482653496498,1,6,0,7
145,,Property_0145,FL,Florida,Haines City,10908.0,2016-05-02 00:00:00,4008431.0,7.0859645582024484,1,6,0,5
146,,Property_0146,NM,New Mexico,Hobbs,14000.0,2014-10-17 00:00:00,1725000.0,6.8985507246376807,1,6,0,7
147,,Property_0147,TX,Texas,Houston,10908.0,2015-12-11 00:00:00,3070000.0,6.5342671009771998,1,6,0,5
148,,Property_0148,WA,Washington,Lakewood,13905.0,2015-11-12 00:00:00,4455000.0,6.7999999999999998,1,6,0,6
149,,Property_0149,CT,Connecticut,Meriden,15120.0,2014-04-09 00:00:00,5820000.0,6.6953608247422673,1,6,0,7
15,60,Property_0015,WI,Wisconsin,Madison,12544.0,2015-12-10 00:00:00,2692307.0,6.5000001857143328,1,6,0,5
150,,Property_0150,IL,Illinois,Oak Forest,15120.0,2014-12-10 00:00:00,4924000.0,7.0011372867587323,1,6,0,7
151,,Property_0151,OK,Oklahoma,Oklahoma City,14850.0,2014-11-18 00:00:00,3296739.0,6.900000272997044,1,6,0,7
152,,Property_0152,SC,South Carolina,Rock Hill,13905.0,2014-09-26 00:00:00,4725000.0,7.2065820105820109,1,6,0,7
153,,Property_0153,TX,Texas,San Antonio,13905.0,2014-11-14 00:00:00,3825000.0,6.6525751633986898,1,6,0,6
154,,Property_0154,TX,Texas,San Antonio,13000.0,2015-07-03 00:00:00,2750000.0,6.8309090909090902,1,6,0,5
155,,Property_0155,OK,Oklahoma,Sapulpa,13905.0,2014-11-18 00:00:00,3820724.0,6.9000011516141964,1,6,0,7
156,227,Property_0156,KS,Kansas,Shawnee,15120.0,2015-07-09 00:00:00,5449217.0,6.9000739005255243,1,6,0,7
157,,Property_0157,AR,Arkansas,Sherwood,13905.0,2014-09-23 00:00:00,3382351.0,6.8000039026109302,1,6,0,6
158,14,Property_0158,OR,Oregon,Springfield,14490.0,2015-10-01 00:00:00,5893266.0,6.0000006787407862,1,6,0,7
159,,Property_0159,MO,Missouri,Saint Louis,15120.0,2015-12-23 00:00:00,5161538.0,6.5000005812221078,1,6,0,7
16,61,Property_0016,WI,Wisconsin,Franklin,15120.0,2015-01-29 00:00:00,3895883.0,6.8500003721877682,1,6,0,7
160,,Property_0160,KS,Kansas,Topeka,13905.0,2014-05-01 00:00:00,3575000.0,7.2198041958041959,1,6,0,7
161,,Property_0161,ID,Idaho,Twin Falls,13650.0,2014-02-06 00:00:00,4418750.0,6.2913719943422919,1,6,0,7
162,,Property_0162,AR,Arkansas,West Memphis,13500.0,2014-02-06 00:00:00,1940000.0,8.1765463917525771,1,6,0,7
163,149,Property_0163,IL,Illinois,Waterloo,14490.0,2019-01-31 00:00:00,3715000.0,7.2005394347240905,1,6,0,5
164,151,Property_0164,TN,Tennessee,Harriman,14820.0,2019-01-31 00:00:00,4827338.0,6.9500001864381575,1,6,0,5
165,150,Property_0165,OH,Ohio,Galloway,14820.0,2019-01-31 00:00:00,4673000.0,6.9505670875240746,1,6,0,5
166,152,Property_0166,TX,Texas,Schertz,15120.0,2019-01-31 00:00:00,3760000.0,7.0478723404255312,1,6,0,5
167,153,Property_0167,MO,Missouri,Kirksville,14820.0,2019-02-27 00:00:00,4432773.0,7.1400001759620899,1,6,0,5
168,162,Property_0168,FL,Florida,Orange Park,10908.0,2019-03-21 00:00:00,3607111.0,6.7500002079226284,1,6,0,5
169,164,Property_0169,LA,Louisiana,Sulphur,14820.0,2019-03-27 00:00:00,4027338.0,6.9500002234726761,1,400,0,5
17,62,Property_0017,TX,Texas,Houston,13500.0,2015-01-29 00:00:00,2487500.0,6.7296482412060303,1,6,0,7
170,161,Property_0170,WI,Wisconsin,Mukwonago,63949.0,2019-04-02 00:00:00,11300000.0,7.256619469026548,1,6,0,5
171,160,Property_0171,NC,North Carolina,Sunset Beach,14560.0,2019-04-05 00:00:00,5000000.0,6.7000007999999998,1,6,0,5
172,156,Property_0172,IA,Iowa,Dubuque,77393.0,2019-04-05 00:00:00,6425000.0,7.2679688715953299,1,6,0,5
174,155,Property_0174,WI,Wisconsin,Greenfield,16940.0,2019-04-23 00:00:00,5100000.0,7.3529411764705888,1,6,0,5
175,158,Property_0175,TX,Texas,El Paso,13450.0,2019-04-26 00:00:00,2850000.0,6.844736842105263,1,6,0,5
176,163,Property_0176,NM,New Mexico,Albuquerque,15525.0,2019-04-29 00:00:00,2855000.0,6.8432224168126092,1,6,0,5
177,157,Property_0177,KS,Kansas,Andover,14490.0,2019-04-29 00:00:00,3900000.0,7.641024615384616,1,6,0,5
178,165,Property_0178,GA,Georgia,Perry,10125.0,2019-05-07 00:00:00,2908000.0,7.0887895460797798,1,6,0,5
179,166,Property_0179,AZ,Arizona,Phoenix,15120.0,2019-05-09 00:00:00,4000000.0,7.1551500000000008,1,6,0,5
18,63,Property_0018,SC,South Carolina,Batesburg,10752.0,2016-03-11 00:00:00,2150000.0,6.1958139534883721,1,6,0,5
180,,Property_0180,AZ,Arizona,Oro Valley,14844.0,,1310000.0,,1,6,0,6
182,167,Property_0182,KS,Kansas,Topeka,13861.0,2019-06-10 00:00:00,3328000.0,6.8509615384615392,1,6,0,5
183,172,Property_0183,NC,North Carolina,Salisbury,14820.0,2019-06-10 00:00:00,4444444.0,6.7500006750000674,1,6,0,5
184,169,Property_0184,TX,Texas,Abilene,15120.0,2019-06-12 00:00:00,4742857.1399999997,7.0000000042168677,1,6,0,5
185,173,Property_0185,TX,Texas,San Antonio,13905.0,2019-06-19 00:00:00,3635157.1400000001,7.0000000055018248,1,6,0,5
186,174,Property_0186,WA,Washington,Lakewood,13905.0,2019-06-19 00:00:00,4327714.29,6.9999999930679344,1,6,0,5
187,175,Property_0187,MO,Missouri,Springfield,13500.0,2019-06-28 00:00:00,2875000.0,7.0434782608695654,1,6,0,5
188,86,Property_0188,TX,Texas,Burleson,11200.0,2018-04-19 00:00:00,4353106.0,6.9885272722511242,1,6,0,5
189,146,Property_0189,SC,South Carolina,Columbia,10125.0,2018-11-19 00:00:00,3100000.0,7.4369677419354838,1,6,0,5
19,64,Property_0019,TX,Texas,Garland,11500.0,2016-05-18 00:00:00,3350000.0,6.3874880597014929,1,6,0,5
190,176,Property_0190,KY,Kentucky,Lexington,63293.0,2019-07-05 00:00:00,6950000.0,7.400287769784172,1,6,0,5
191,177,Property_0191,TX,Texas,Arlington,13905.0,2019-07-10 00:00:00,3750000.0,6.9599999999999991,1,6,0,5
192,11,Property_0192,AR,Arkansas,Sherwood,13905.0,2019-07-15 00:00:00,3230000.0,7.1207430340557281,1,6,0,5
193,178,Property_0193,OK,Oklahoma,Oklahoma City,15120.0,2019-07-23 00:00:00,4500000.0,6.833333333333333,1,6,0,5
194,179,Property_0194,IL,Illinois,Moline,70295.0,2019-07-25 00:00:00,4000000.0,6.9614750000000001,1,6,0,5
195,180,Property_0195,TX,Texas,Coppell,63508.0,2019-08-13 00:00:00,7800000.0,6.9552046153846154,1,6,0,7
196,183,Property_0196,NC,North Carolina,Wilson,14490.0,2019-08-14 00:00:00,4243500.0,7.0000000000000009,1,6,0,5
197,184,Property_0197,FL,Florida,Melbourne,13905.0,2019-09-03 00:00:00,4050000.0,6.617283950617284,1,6,0,5
198,185,Property_0198,AL,Alabama,Tuscaloosa,10055.0,2019-09-10 00:00:00,2597898.0,7.1069764863747542,1,6,0,5
199,186,Property_0199,KY,Kentucky,Louisville,9500.0,2019-09-24 00:00:00,800000.0,6.9033750000000005,1,6,0,5
2,44,Property_0002,AZ,Arizona,Glendale,13500.0,2014-05-09 00:00:00,3225000.0,7.0744186046511626,1,6,0,5
20,65,Property_0020,DE,Delaware,Hockessin,12000.0,2016-06-24 00:00:00,5483400.0,7.8301783564941454,1,6,0,5
201,187,Property_0201,FL,Florida,Palmetto,10125.0,2019-09-25 00:00:00,3250000.0,6.8603076923076918,1,6,0,5
203,188,Property_0203,TX,Texas,Missouri City,15950.0,2019-10-02 00:00:00,2125000.0,7.1576470588235299,1,6,0,5
204,189,Property_0204,IL,Illinois,O Fallon,13905.0,2019-10-17 00:00:00,3280000.0,7.0091463414634152,1,6,0,5
205,190,Property_0205,TN,Tennessee,Hermitage,14500.0,2019-10-25 00:00:00,4325000.0,6.9364161849710975,1,6,0,5
206,196,Property_0206,WI,Wisconsin,Madison,19633.0,2019-11-19 00:00:00,3425000.0,6.9423345985401452,1,6,0,5
207,200,Property_0207,AZ,Arizona,Casa Grande,13813.0,2019-11-22 00:00:00,4715000.0,7.0473806998939557,1,6,0,5
208,201,Property_0208,TX,Texas,League City,13905.0,2019-12-05 00:00:00,2871682.0,6.8999993731896501,1,6,0,5
209,204,Property_0209,OK,Oklahoma,Edmond,13905.0,2019-12-05 00:00:00,3423913.0,6.9000000876190484,1,6,0,5
21,66,Property_0021,TX,Texas,Spring,14490.0,2016-08-12 00:00:00,5725000.0,7.1092401746724887,1,6,0,5
210,203,Property_0210,TX,Texas,Coppell,13905.0,2019-12-05 00:00:00,3496405.0,6.9000015730443121,1,6,0,5
211,207,Property_0211,TX,Texas,Irving,13905.0,2019-12-05 00:00:00,3502174.0,6.8999998286778439,1,6,0,5
212,208,Property_0212,TX,Texas,Irving,13905.0,2019-12-05 00:00:00,3330217.0,6.9000008107579784,1,6,0,5
213,205,Property_0213,TX,Texas,Grand Prairie,13905.0,2019-12-05 00:00:00,3234421.0,6.8999984850457015,1,6,0,5
214,206,Property_0214,TX,Texas,Grand Prairie,13905.0,2019-12-05 00:00:00,3415797.0,6.9000002049302109,1,6,0,5
215,202,Property_0215,TX,Texas,Cedar Hill,13905.0,2019-12-05 00:00:00,3695652.0,6.9000003247058972,1,6,0,5
216,209,Property_0216,MS,Mississippi,Olive Branch,14490.0,2019-12-18 00:00:00,4668015.0,6.5000005355595469,1,6,0,5
217,210,Property_0217,CO,Colorado,Colorado Springs,14490.0,2020-01-14 00:00:00,5325000.0,6.4744788732394367,1,6,0,5
218,212,Property_0218,RI,Rhode Island,Warwick,56216.0,2020-02-07 00:00:00,12400000.0,9.0611201613709689,1,6,1,5
219,216,Property_0219,IL,Illinois,Dekalb,13905.0,2020-02-28 00:00:00,3454545.0,7.1500009407895968,1,6,0,5
22,67,Property_0022,TX,Texas,Lufkin,15795.0,2016-08-30 00:00:00,5175000.0,7.0531400966183568,1,6,0,5
220,218,Property_0220,MN,Minnesota,Brainerd,15120.0,2020-02-28 00:00:00,4108351.0,7.3752218347458625,1,6,0,5
221,214,Property_0221,GA,Georgia,Carrollton,10125.0,2020-02-28 00:00:00,2500000.0,7.958245999999999,1,6,0,5
222,224,Property_0222,TX,Texas,Dallas,37000.0,2020-03-09 00:00:00,12800000.0,7.3132812500000002,3,6,0,5
223,228,Property_0223,VT,Vermont,Bennington,14572.0,2020-03-24 00:00:00,4670000.0,6.8492406852248386,1,6,0,5
224,230,Property_0224,IL,Illinois,Rock Island,13905.0,2020-04-20 00:00:00,4051538.0,6.5012348397077853,1,6,0,5
225,231,Property_0225,FL,Florida,Deltona,13000.0,2020-04-21 00:00:00,5110000.0,6.5993737769080241,1,6,0,5
226,233,Property_0226,FL,Florida,Miami,15254.0,2016-07-08 00:00:00,3400000.0,9.1827635294117655,1,6,0,7
227,234,Property_0227,FL,Florida,Miami,12957.82,2016-07-08 00:00:00,500000.0,,1,6,0,7
228,237,Property_0228,IN,Indiana,Evansville,55888.0,2020-05-15 00:00:00,3075000.0,7.3834146341463418,1,6,0,5
229,238,Property_0229,IN,Indiana,Vincennes,14850.0,2020-05-28 00:00:00,3100000.0,6.903225806451613,1,6,0,5
23,68,Property_0023,CO,Colorado,Lafayette,15120.0,2016-10-07 00:00:00,4680571.0,6.3094225042201053,1,6,0,5
230,239,Property_0230,IL,Illinois,Bolingbrook,13905.0,2020-06-03 00:00:00,4222222.0,6.7500003552631762,1,6,0,5
231,240,Property_0231,OK,Oklahoma,Broken Arrow,14560.0,2020-06-09 00:00:00,4740000.0,6.7510548523206744,1,6,0,5
232,243,Property_0232,IL,Illinois,Buffalo Grove,15120.0,2020-06-15 00:00:00,4570000.0,7.0021881838074398,1,6,0,5
233,242,Property_0233,IN,Indiana,Indianapolis,13500.0,2020-06-19 00:00:00,2440000.0,7.5937295081967209,1,6,0,5
234,244,Property_0234,MO,Missouri,Liberty,13905.0,2020-06-25 00:00:00,4653114.0,7.2547115759467751,1,6,0,5
235,245,Property_0235,IL,Illinois,Bannockburn,13000.0,2020-07-23 00:00:00,2800000.0,6.7857142857142856,1,6,0,5
236,246,Property_0236,TX,Texas,Lufkin,10908.0,2020-07-28 00:00:00,3635000.0,6.7724071526822556,1,6,0,5
237,249,Property_0237,KY,Kentucky,Louisville,84580.0,2020-07-30 00:00:00,7360000.0,7.0844282608695659,1,6,1,5
238,247,Property_0238,PA,Pennsylvania,Bethel Park,10046.0,2020-07-31 00:00:00,4250000.0,6.4500011764705878,1,6,0,5
239,251,Property_0239,AL,Alabama,Florence,14820.0,2020-08-26 00:00:00,4569474.0,6.6499995404285039,1,6,0,5
24,69,Property_0024,TN,Tennessee,Chattanooga,10055.0,2016-10-10 00:00:00,3400000.0,6.7820294117647064,1,6,0,5
240,252,Property_0240,TX,Texas,Houston,14490.0,2020-09-04 00:00:00,4244000.0,6.7507068803016015,1,6,0,5
241,253,Property_0241,WI,Wisconsin,Portage,14490.0,2020-09-11 00:00:00,4360000.0,6.6513761467889916,1,6,0,5
242,254,Property_0242,NC,North Carolina,Angier,9804.0,2020-09-30 00:00:00,2025000.0,6.9135802469135799,1,6,0,5
243,255,Property_0243,WI,Wisconsin,Franklin,15120.0,2020-10-07 00:00:00,3812400.0,7.0000000000000009,1,6,0,5
244,256,Property_0244,NC,North Carolina,Rocky Mount,10125.0,2020-10-07 00:00:00,3952609.0,6.5920064443510604,1,6,0,5
245,257,Property_0245,TX,Texas,Dallas,13905.0,2020-10-07 00:00:00,3578485.0,6.800000558895734,1,6,0,5
246,258,Property_0246,TX,Texas,Houston,13905.0,2020-10-21 00:00:00,2450000.0,6.83265306122449,1,6,0,5
247,259,Property_0247,TX,Texas,Arlington,13905.0,2020-10-29 00:00:00,4237000.0,6.4006844465423649,1,6,0,5
248,260,Property_0248,KS,Kansas,Wichita,15120.0,2020-10-30 00:00:00,4500000.0,6.5266666666666664,1,6,0,5
25,87,Property_0025,KY,Kentucky,Shelbyville,14820.0,2017-05-01 00:00:00,4700000.0,6.3829787234042552,1,6,0,5
250,261,Property_0250,AR,Arkansas,Benton,14490.0,2020-11-20 00:00:00,5935000.0,6.2005054759898908,1,6,0,5
251,262,Property_0251,IL,Illinois,Moline,70000.0,2020-11-20 00:00:00,7802000.0,7.3579864137400666,1,6,0,5
252,262,Property_0252,AR,Arkansas,Jonesboro,14490.0,2020-11-20 00:00:00,5538000.0,6.5005417118093174,1,6,0,5
253,265,Property_0253,WI,Wisconsin,Pewaukee,14725.0,2020-11-25 00:00:00,4828000.0,6.3009942004971009,1,6,0,5
254,263,Property_0254,WI,Wisconsin,Racine,15680.0,2020-12-01 00:00:00,6578000.0,6.1568865916691999,1,6,0,5
255,264,Property_0255,IL,Illinois,Springfield,14820.0,2020-12-01 00:00:00,4285714.0,6.3000004200000275,1,6,0,5
256,266,Property_0256,TX,Texas,Pearland,14490.0,2020-12-01 00:00:00,5400000.0,6.0185185185185182,1,6,0,5
257,268,Property_0257,NE,Nebraska,Papillion,14189.0,2020-12-07 00:00:00,5250000.0,6.0,1,6,0,5
258,267,Property_0258,LA,Louisiana,Slidell,14560.0,2020-12-07 00:00:00,4400000.0,6.25,1,6,0,5
259,271,Property_0259,IN,Indiana,Greenwood,18750.0,2020-12-09 00:00:00,2000000.0,9.4250039999999995,1,6,0,5
26,123,Property_0026,FL,Florida,Navarre,11200.0,2018-06-25 00:00:00,3600000.0,6.5434444444444448,1,6,0,5
260,270,Property_0260,TX,Texas,Alvin,10906.0,2020-12-09 00:00:00,2500000.0,7.6289423999999997,1,6,0,5
261,269,Property_0261,TX,Texas,Cedar Park,19200.0,2020-12-09 00:00:00,4200000.0,6.3466685714285722,1,6,0,5
262,272,Property_0262,OH,Ohio,Canal Winchester,11252.0,2020-12-09 00:00:00,2600000.0,5.3363076923076926,1,6,0,5
263,278,Property_0263,TX,Texas,Missouri City,10929.0,2020-12-09 00:00:00,3100000.0,6.279112258064516,1,6,0,5
264,277,Property_0264,TN,Tennessee,Knoxville,10722.0,2020-12-09 00:00:00,2050000.0,7.6882712195121954,1,6,0,5
265,276,Property_0265,MI,Michigan,Grand Rapids,13500.0,2020-12-09 00:00:00,4450000.0,5.0513932584269661,1,6,0,5
266,275,Property_0266,GA,Georgia,Smyrna,10125.0,2020-12-09 00:00:00,2900000.0,7.5657724137931037,1,6,0,5
267,274,Property_0267,AL,Alabama,Tuscaloosa,10195.0,2020-12-09 00:00:00,2500000.0,6.8399999999999999,1,6,0,5
268,273,Property_0268,FL,Florida,Milton,19097.0,2020-12-09 00:00:00,5100000.0,5.1009411764705881,1,6,0,5
269,279,Property_0269,NH,New Hampshire,Manchester,13905.0,2020-12-15 00:00:00,3905000.0,6.2996158770806669,1,6,0,5
27,88,Property_0027,MO,Missouri,Independence,18000.0,2015-05-28 00:00:00,4675000.0,6.4997219251336906,1,6,0,5
270,283,Property_0270,OH,Ohio,Sandusky,10125.0,2020-12-17 00:00:00,2682000.0,7.4216256524981361,1,6,0,5
271,287,Property_0271,MI,Michigan,Kalamazoo,13575.0,2020-12-18 00:00:00,5123077.0,6.4999999024024033,1,6,0,5
272,284,Property_0272,CA,California,Yucca Valley,14490.0,2020-12-18 00:00:00,3600000.0,7.3426944444444446,1,6,0,5
273,288,Property_0273,LA,Louisiana,Kenner,15799.0,2020-12-22 00:00:00,5000000.0,7.2499999999999991,1,6,0,5
274,290,Property_0274,OH,Ohio,Dayton,13905.0,2020-12-23 00:00:00,3575000.0,7.0011188811188809,1,6,0,5
275,262,Property_0275,NC,North Carolina,Raleigh,14560.0,2020-12-23 00:00:00,5354000.0,6.3242435562196482,1,6,0,5
276,291,Property_0276,OK,Oklahoma,Mustang,13650.0,2020-12-24 00:00:00,4704000.0,6.25,1,6,0,5
277,294,Property_0277,IL,Illinois,Oak Park,2455.0,2020-12-29 00:00:00,1118000.0,7.0441860465116273,1,6,0,5
278,293,Property_0278,TX,Texas,Tomball,14820.0,2020-12-29 00:00:00,7000000.0,4.9285714285714288,1,6,0,5
279,292,Property_0279,OK,Oklahoma,Sand Springs,14560.0,2020-12-29 00:00:00,5085000.0,6.3028515240904621,1,6,0,5
28,89,Property_0028,MS,Mississippi,Olive Branch,14490.0,2016-01-27 00:00:00,4668015.0,6.4999996786642731,1,6,0,6
280,301,Property_0280,AR,Arkansas,Mountain Home,14753.0,2020-12-29 00:00:00,5750000.0,6.0,1,6,0,5
281,295,Property_0281,OH,Ohio,Mentor On The Lake,74333.0,2020-12-31 00:00:00,9750000.0,7.5420615384615379,1,6,1,5
282,303,Property_0282,OK,Oklahoma,Owasso,15120.0,2020-12-29 00:00:00,5605000.0,6.1998215878679748,1,6,0,5
283,307,Property_0283,MT,Montana,Bozeman,26449.0,2020-12-30 00:00:00,7310000.0,6.788567441860466,1,6,0,5
284,298,Property_0284,NC,North Carolina,Mocksville,14820.0,2020-12-29 00:00:00,4287500.0,6.4139941690962097,1,6,0,5
285,299,Property_0285,OK,Oklahoma,Oklahoma City,13905.0,2020-12-29 00:00:00,4436363.0,5.500000788934539,1,6,0,5
286,300,Property_0286,CT,Connecticut,Torrington,15120.0,2020-12-29 00:00:00,5833333.0,5.1428574367347109,1,6,0,5
287,304,Property_0287,TX,Texas,Arlington,13905.0,2020-12-28 00:00:00,4403333.0,6.0000004542013974,1,6,0,5
288,302,Property_0288,TN,Tennessee,Antioch,10125.0,2020-12-29 00:00:00,4354615.0,7.1522396354212718,1,6,0,7
289,306,Property_0289,FL,Florida,Clearwater,15525.0,2020-12-28 00:00:00,4100000.0,6.3414634146341466,1,6,0,5
29,91,Property_0029,OK,Oklahoma,Oklahoma City,11140.0,2016-04-20 00:00:00,4676000.0,7.1832549187339616,1,6,0,5
290,309,Property_0290,MO,Missouri,Neosho,14820.0,2021-02-24 00:00:00,3260000.0,6.5030674846625764,1,6,0,5
291,310,Property_0291,NC,North Carolina,Greenville,14490.0,2021-03-18 00:00:00,4843750.0,6.4000000000000004,1,6,0,5
292,311,Property_0292,IL,Illinois,Island Lake,14820.0,2021-04-12 00:00:00,5392000.0,6.25,1,6,0,5
293,315,Property_0293,TX,Texas,Mansfield,15120.0,2021-04-15 00:00:00,4520000.0,6.1061946902654869,1,6,0,5
294,316,Property_0294,KS,Kansas,Hutchinson,2901.0,2021-04-20 00:00:00,1126410.0,11.401532301737378,1,6,0,5
295,317,Property_0295,TX,Texas,Lufkin,10908.0,2021-04-30 00:00:00,3000000.0,5.8721666666666668,1,6,0,5
296,318,Property_0296,WI,Wisconsin,Kenosha,49936.0,2021-05-07 00:00:00,2625000.0,6.8571428571428577,1,6,0,5
297,319,Property_0297,MS,Mississippi,Pascagoula,15120.0,2021-05-11 00:00:00,4080000.0,6.9852941176470589,1,6,0,5
298,320,Property_0298,PA,Pennsylvania,Nanticoke,10908.0,2021-05-17 00:00:00,2950000.0,6.6241545762711862,1,6,0,5
299,323,Property_0299,AZ,Arizona,Cottonwood,15251.0,2021-05-27 00:00:00,4950000.0,5.9771515151515153,1,6,0,5
3,45,Property_0003,TX,Texas,Arlington,13905.0,2014-05-19 00:00:00,3685000.0,7.1696065128900948,1,6,0,6
30,90,Property_0030,LA,Louisiana,Houma,13500.0,2016-09-09 00:00:00,2656934.0,6.8500007903847067,1,6,0,5
300,324,Property_0300,MI,Michigan,Fort Gratiot,4968.0,2021-06-16 00:00:00,1990000.0,7.3934773869346726,1,338,1,5
301,329,Property_0301,WI,Wisconsin,West Allis,259962.0,2021-07-21 00:00:00,22523000.0,8.4707720996314873,1,338,1,5
302,334,Property_0302,MN,Minnesota,Bloomington,83905.0,2021-08-26 00:00:00,17000000.0,6.736863647058823,3,338,1,5
303,344,Property_0303,TX,Texas,Conroe,13824.0,2021-10-19 00:00:00,7661078.0,4.5685481860385702,1,6,0,5
304,343,Property_0304,TX,Texas,Spring,13813.0,2021-10-19 00:00:00,4754000.0,5.4622818679007157,1,6,0,5
305,349,Property_0305,TN,Tennessee,Harriman,33816.0,2021-11-03 00:00:00,3235000.0,7.4255221020092748,1,338,0,5
306,350,Property_0306,FL,Florida,Temple Terrace,48769.0,2021-11-19 00:00:00,10000001.0,6.4918530508146945,1,338,1,5
307,353,Property_0307,WI,Wisconsin,Madison,72743.0,2021-12-06 00:00:00,7958000.0,5.9751193767278208,3,338,0,5
308,351,Property_0308,OH,Ohio,Akron,77127.0,2021-12-03 00:00:00,7572150.0,5.9779301783509302,1,338,0,5
309,355,Property_0309,IL,Illinois,Vernon Hills,113963.0,2021-12-08 00:00:00,14500000.0,5.900358620689655,3,338,0,5
31,92,Property_0031,LA,Louisiana,New Orleans,15120.0,2017-03-15 00:00:00,3860000.0,7.357512953367876,1,6,0,5
310,357,Property_0310,GA,Georgia,Jasper,95006.0,2021-12-10 00:00:00,11800000.0,7.6218061864406801,3,338,1,5
311,358,Property_0311,OH,Ohio,Ashtabula,56698.0,2021-12-10 00:00:00,5600000.0,6.25,1,338,0,5
312,359,Property_0312,MI,Michigan,Dowagiac,48030.0,2021-12-13 00:00:00,6242000.0,6.1692505607177193,1,338,1,5
313,360,Property_0313,ND,North Dakota,Bismarck,60945.0,2021-12-17 00:00:00,7191150.0,6.7800004171794495,3,338,0,5
314,361,Property_0314,ND,North Dakota,Bismarck,63000.0,2021-12-17 00:00:00,7433628.0,6.78000029057144,3,338,0,5
315,362,Property_0315,ND,North Dakota,Bismarck,53000.0,2021-12-17 00:00:00,6253687.0,6.7800003421981305,3,338,0,5
316,363,Property_0316,ND,North Dakota,Mandan,34500.0,2021-12-17 00:00:00,4071535.0,6.7787701689903193,3,338,0,5
317,364,Property_0317,MO,Missouri,Blue Springs,3200.0,2021-12-21 00:00:00,1950000.0,5.8256410256410254,1,338,0,5
318,371,Property_0318,MI,Michigan,Eastpointe,10868.0,2021-12-22 00:00:00,2321694.0,7.1068797179990124,1,400,0,5
319,372,Property_0319,NC,North Carolina,Raleigh,9735.0,2021-12-22 00:00:00,5279414.0,5.2900393869471127,1,400,0,5
32,93,Property_0032,OK,Oklahoma,Duncan,13905.0,2017-07-19 00:00:00,3160000.0,6.8037974683544302,1,6,0,5
321,370,Property_0321,OH,Ohio,Columbus,116707.0,2021-12-27 00:00:00,24350000.0,7.4045638603696089,3,338,1,5
322,369,Property_0322,AR,Arkansas,Fayetteville,2927.0,2021-12-28 00:00:00,1900000.0,5.6842105263157894,1,338,0,5
323,375,Property_0323,IL,Illinois,Evanston,5686.0,2022-03-04 00:00:00,2095236.0,5.500000954546409,1,338,0,5
324,377,Property_0324,MI,Michigan,Saint Joseph,62056.0,2022-03-17 00:00:00,7975000.0,6.4241103448275858,1,338,1,5
325,378,Property_0325,CT,Connecticut,Waterford,22361.0,2022-03-24 00:00:00,8400000.0,6.9651498809523815,3,338,1,5
326,376,Property_0326,IL,Illinois,East Moline,13905.0,2022-03-01 00:00:00,2825000.0,7.4867256637168147,1,338,0,5
327,381,Property_0327,CA,California,Citrus Heights,31927.0,2022-05-11 00:00:00,8400000.0,6.0804099999999996,3,400,1,5
328,,Property_0328,TX,Texas,Coppell,63508.0,2022-06-01 00:00:00,11000000.0,4.9318727272727267,1,6,0,5
329,383,Property_0329,WI,Wisconsin,Brookfield,90874.0,2022-06-10 00:00:00,17250000.0,7.9343721739130446,1,338,1,5
33,94,Property_0033,FL,Florida,Fort Myers,10908.0,2016-12-01 00:00:00,3265000.0,6.9189892802450235,1,6,0,5
330,385,Property_0330,OH,Ohio,Medina,90346.0,2022-06-22 00:00:00,19629008.0,6.0743619850784105,3,338,0,5
331,390,Property_0331,MI,Michigan,Alpena,7000.0,2022-07-12 00:00:00,870000.0,7.7448275862068972,1,400,0,5
332,391,Property_0332,VA,Virginia,Altavista,10125.0,2022-07-12 00:00:00,2700000.0,7.3387499999999992,1,400,0,5
333,398,Property_0333,IL,Illinois,South Elgin,45000.0,2022-07-28 00:00:00,14543000.0,6.8522810286735885,3,400,0,5
334,388,Property_0334,OH,Ohio,Canal Fulton,11200.0,2022-07-12 00:00:00,1600000.0,9.4146562500000002,1,400,1,5
335,392,Property_0335,IN,Indiana,Demotte,10125.0,2022-07-12 00:00:00,2000000.0,6.4611754999999995,1,400,0,5
336,393,Property_0336,MD,Maryland,Hagerstown,11170.0,2022-07-12 00:00:00,3700000.0,5.5534054054054049,1,400,0,5
337,394,Property_0337,MI,Michigan,Lapeer,14710.0,2022-07-12 00:00:00,3300000.0,8.5666666666666664,1,400,0,7
338,396,Property_0338,NC,North Carolina,Winston Salem,10139.0,2022-07-12 00:00:00,5030000.0,5.0218687872763423,1,400,0,5
339,389,Property_0339,MD,Maryland,Baltimore,10589.0,2022-07-12 00:00:00,2700000.0,6.3537777777777773,1,400,0,5
34,94,Property_0034,IL,Illinois,Indian Head Park,15120.0,2017-01-11 00:00:00,4750000.0,7.0029473684210526,1,6,0,5
340,395,Property_0340,MI,Michigan,Port Huron,6891.0,2022-07-12 00:00:00,1250000.0,7.0608000000000004,1,400,0,5
341,401,Property_0341,CO,Colorado,Steamboat Springs,35000.0,2022-06-10 00:00:00,2750000.0,0.0,1,6,0,5
342,397,Property_0342,WI,Wisconsin,Milwaukee,102000.0,2022-07-19 00:00:00,20000000.0,6.3884999999999996,3,338,0,5
343,399,Property_0343,IN,Indiana,Lebanon,10880.0,2022-07-22 00:00:00,5300000.0,5.2655094339622641,1,400,0,5
344,403,Property_0344,PA,Pennsylvania,New Kensington,4122.0,2022-09-13 00:00:00,860000.0,5.3488372093023253,1,338,0,5
345,404,Property_0345,MD,Maryland,Easton,113330.0,2022-09-28 00:00:00,18000000.0,8.1376995555555549,3,338,1,5
346,406,Property_0346,MI,Michigan,Shelby Township,13013.0,2022-12-02 00:00:00,5385000.0,7.0320947075208915,1,400,0,5
347,407,Property_0347,MI,Michigan,Hastings,186230.0,2022-12-08 00:00:00,15913000.0,7.4074588072645016,3,338,1,5
348,408,Property_0348,FL,Florida,Bradenton,11200.0,2023-01-17 00:00:00,4807192.0,6.6132994063894266,1,400,0,5
349,409,Property_0349,FL,Florida,Bushnell,13148.0,2023-01-17 00:00:00,3755916.0,6.6133047171448993,1,400,0,5
35,70,Property_0035,PA,Pennsylvania,Royersford,10461.0,2016-12-08 00:00:00,4620000.0,6.401645021645022,1,6,0,5
350,410,Property_0350,FL,Florida,Nokomis,13143.0,2023-01-17 00:00:00,6510381.0,6.7111467055461116,1,400,0,5
351,411,Property_0351,FL,Florida,Port Charlotte,15487.0,2023-01-17 00:00:00,6001920.0,6.6133040760290029,1,400,0,5
352,412,Property_0352,IN,Indiana,Carmel,3600.0,2023-01-17 00:00:00,1710719.0,7.2746313099930502,1,6,0,7
353,413,Property_0353,IN,Indiana,Westfield,3000.0,2023-01-17 00:00:00,2213872.0,6.6132983298040706,1,400,0,5
354,414,Property_0354,TX,Texas,Spring,13013.0,2023-04-14 00:00:00,4350000.0,6.8894112643678156,1,400,0,5
355,416,Property_0355,TN,Tennessee,Franklin,10880.0,2023-05-03 00:00:00,3950000.0,6.9143772151898739,1,400,0,5
356,415,Property_0356,AR,Arkansas,Benton,74870.0,2023-05-09 00:00:00,9340000.0,7.5351580299785867,3,338,1,5
357,418,Property_0357,TX,Texas,Dallas,11761.0,2023-03-13 00:00:00,125000.0,0.0,3,338,0,5
358,420,Property_0358,TX,Texas,Longview,10908.0,2023-06-07 00:00:00,3500000.0,6.5348065714285708,1,400,0,5
359,419,Property_0359,FL,Florida,Fort Pierce,11970.0,2023-05-18 00:00:00,4788000.0,6.0,5,400,0,5
36,71,Property_0036,WI,Wisconsin,Cudahy,14820.0,2017-01-13 00:00:00,4850000.0,6.3917525773195871,1,6,0,5
360,423,Property_0360,MA,Massachusetts,Pittsfield,72119.0,2023-08-15 00:00:00,6363539.0,7.4846496579969095,1,338,1,5
361,424,Property_0361,MI,Michigan,Jackson,110070.0,2023-08-18 00:00:00,8000000.0,5.4347535000000002,3,338,1,5
362,425,Property_0362,SC,South Carolina,Murrells Inlet,13125.0,2023-08-22 00:00:00,4500000.0,6.4465759999999994,1,400,0,5
363,354,Property_0363,CO,Colorado,Steamboat Springs,5160.0,2020-09-04 00:00:00,4400000.0,0.0,4,6,0,5
364,30,Property_0364,FL,Florida,Miami Beach,1757.0,2018-05-16 00:00:00,3000000.0,0.0,4,6,0,5
365,426,Property_0365,CO,Colorado,Steamboat Springs,87120.0,2022-04-05 00:00:00,1325000.0,0.0,4,6,0,5
366,,Property_0366,OH,Ohio,Medina,0.0,,2500000.0,,1,6,0,5
367,430,Property_0367,SC,South Carolina,Camden,10125.0,2023-12-28 00:00:00,2275000.0,7.2526153846153854,1,400,0,5
368,435,Property_0368,FL,Florida,Plantation,2380.0,2024-02-22 00:00:00,989000.0,7.2950728008088976,1,400,0,5
369,436,Property_0369,IN,Indiana,Portage,10110.0,2024-03-01 00:00:00,2193000.0,7.2512672138622891,1,400,0,5
37,72,Property_0037,AR,Arkansas,Rogers,15053.0,2017-03-13 00:00:00,4636224.0,6.25,1,6,0,5
370,438,Property_0370,PA,Pennsylvania,Havertown,9250.0,2024-03-13 00:00:00,3300000.0,6.8181818181818175,1,400,0,5
371,441,Property_0371,MN,Minnesota,Forest Lake,93853.0,2024-03-18 00:00:00,15150000.0,8.7461897029702982,3,338,1,5
372,443,Property_0372,GA,Georgia,Buford,12350.0,2024-09-05 00:00:00,3650000.0,7.39841095890411,1,400,0,5
373,445,Property_0373,TX,Texas,Corsicana,10908.0,2024-11-06 00:00:00,3724033.0,7.2026203849428843,1,400,0,5
374,448,Property_0374,TX,Texas,Bryan,10908.0,2024-11-06 00:00:00,2950967.0,7.1995722080253692,1,400,0,5
375,451,Property_0375,IL,Illinois,South Elgin,94508.0,2024-11-08 00:00:00,19650000.0,7.8086068702290081,1,400,1,5
376,459,Property_0376,OH,Ohio,Berea,74255.0,2024-12-19 00:00:00,7600000.0,8.3628844736842094,1,338,1,5
377,464,Property_0377,PA,Pennsylvania,Elizabeth,54860.0,2025-05-12 00:00:00,6625000.0,10.759635320754716,3,6,1,5
378,466,Property_0378,OH,Ohio,Cincinnati,7309.0,2025-05-28 00:00:00,1490000.0,7.4376859060402687,1,6,0,5
379,465,Property_0379,MN,Minnesota,Saint Michael,4273.0,2025-05-28 00:00:00,2302000.0,7.4526911381407475,1,6,0,5
38,74,Property_0038,MO,Missouri,Florissant,15595.0,2017-03-31 00:00:00,5060000.0,6.5129446640316209,1,6,0,5
380,469,Property_0380,GA,Georgia,Douglas,10125.0,2025-06-06 00:00:00,3340000.0,8.2492383233532927,1,6,0,5
381,468,Property_0381,AL,Alabama,Montgomery,10125.0,2025-06-06 00:00:00,3482000.0,8.2504307869040776,1,6,0,5
382,471,Property_0382,PA,Pennsylvania,Pittsburgh,10125.0,2025-06-11 00:00:00,2985000.0,8.0402010050251249,1,400,0,5
383,,Property_0383,OH,Ohio,Lancaster,10125.0,2025-06-20 00:00:00,3430000.0,7.2498542274052475,1,6,0,5
39,75,Property_0039,NE,Nebraska,Lincoln,15052.0,2017-03-31 00:00:00,3212000.0,6.0999999999999996,1,6,0,5
4,46,Property_0004,IL,Illinois,Springfield,18825.0,2014-05-29 00:00:00,4190000.0,7.2286396181384243,1,6,0,5
40,76,Property_0040,MS,Mississippi,Tupelo,15035.0,2017-04-26 00:00:00,5451612.0,6.2000010272191046,1,6,0,5
41,77,Property_0041,AZ,Arizona,Gold Canyon,15125.0,2017-05-24 00:00:00,5742188.0,6.3999994427211364,1,6,0,5
42,78,Property_0042,ID,Idaho,Pocatello,14490.0,2017-05-25 00:00:00,5490000.0,6.5002003642987249,1,6,0,5
43,73,Property_0043,TX,Texas,Brenham,14550.0,2017-06-01 00:00:00,5450000.0,6.0917431192660549,1,6,0,5
44,79,Property_0044,TX,Texas,Waco,13813.0,2017-06-30 00:00:00,5075000.0,3.8650238423645318,1,6,0,5
45,80,Property_0045,LA,Louisiana,New Iberia,13738.0,2017-07-06 00:00:00,5113000.0,6.3352434969685127,1,6,0,5
46,81,Property_0046,OK,Oklahoma,Newcastle,14820.0,2017-09-25 00:00:00,4600000.0,6.0,1,6,0,5
47,83,Property_0047,TN,Tennessee,Brentwood,14820.0,2017-09-25 00:00:00,5900000.0,6.3016949152542372,1,6,0,5
48,82,Property_0048,TX,Texas,Houston,14490.0,2017-12-15 00:00:00,6400000.0,6.0,1,6,0,5
49,84,Property_0049,IL,Illinois,Rockford,130000.0,2018-03-22 00:00:00,13750000.0,7.2327272727272724,1,6,0,5
5,47,Property_0005,OK,Oklahoma,Warr Acres,13905.0,2014-09-02 00:00:00,2600000.0,7.1278846153846152,1,6,0,5
50,85,Property_0050,IL,Illinois,South Elgin,11040.0,2018-05-08 00:00:00,3586439.0,6.1500000418242164,1,6,0,5
51,85,Property_0051,OH,Ohio,Hubbard,10904.0,2018-05-08 00:00:00,1837398.0,6.150001251770167,1,6,0,5
52,85,Property_0052,OH,Ohio,Xenia,10147.0,2018-05-08 00:00:00,2325203.0,6.1500006666084639,1,6,0,5
53,85,Property_0053,IL,Illinois,Watseka,10202.0,2018-05-08 00:00:00,2286179.0,6.1499996282005913,1,6,0,5
54,85,Property_0054,VA,Virginia,Hillsville,10086.0,2018-05-08 00:00:00,1232520.0,6.1500016226917209,1,6,0,5
55,85,Property_0055,NC,North Carolina,King,10086.0,2018-05-08 00:00:00,1895138.0,6.1500006859658773,1,6,0,5
56,124,Property_0056,WI,Wisconsin,Racine,14820.0,2018-05-29 00:00:00,5568000.0,6.25,1,6,0,5
57,86,Property_0057,OK,Oklahoma,Muskogee,15120.0,2016-08-19 00:00:00,3832000.0,6.8632567849686854,1,6,0,5
58,86,Property_0058,IA,Iowa,Davenport,15120.0,2017-03-06 00:00:00,4578000.0,6.7496723460026207,1,6,0,5
59,86,Property_0059,LA,Louisiana,Houma,11320.0,2017-08-31 00:00:00,3350000.0,6.8130746268656717,1,6,0,5
6,48,Property_0006,TN,Tennessee,Cleveland,13903.0,2015-05-14 00:00:00,2831000.0,6.4503355704697993,1,6,0,5
60,,Property_0060,TX,Texas,Burleson,11200.0,2018-04-19 00:00:00,4353106.0,,1,6,0,5
61,95,Property_0061,IL,Illinois,Belleville,15125.0,2017-03-30 00:00:00,3800000.0,6.5,1,6,0,5
62,96,Property_0062,TN,Tennessee,Powell,10003.0,2017-07-18 00:00:00,2646000.0,6.4131141345427061,1,6,0,5
63,98,Property_0063,PA,Pennsylvania,Pittsburgh,10125.0,2017-01-13 00:00:00,4100000.0,7.8600731707317077,1,6,0,5
64,98,Property_0064,IL,Illinois,Des Plaines,15272.0,2017-09-01 00:00:00,6325000.0,5.849802371541502,1,6,0,5
65,99,Property_0065,OK,Oklahoma,Tulsa,13000.0,2017-10-10 00:00:00,2778000.0,6.9492440604751629,3,6,0,5
66,102,Property_0066,AL,Alabama,Huntsville,10125.0,2017-11-28 00:00:00,4800000.0,6.8153749999999995,3,6,0,5
67,101,Property_0067,TN,Tennessee,Murfreesboro,13905.0,2017-12-15 00:00:00,4700000.0,6.6477651063829786,3,6,0,5
68,103,Property_0068,VA,Virginia,Midlothian,13905.0,2018-03-05 00:00:00,4150000.0,6.9879518072289164,3,6,0,5
69,104,Property_0069,MA,Massachusetts,Oxford,8760.0,2018-05-10 00:00:00,2175000.0,6.7099586206896555,3,6,0,5
7,49,Property_0007,FL,Florida,Pembroke Pines,15120.0,2014-07-21 00:00:00,5000000.0,6.7000000000000002,1,6,0,5
70,105,Property_0070,NC,North Carolina,Durham,10125.0,2016-07-28 00:00:00,3450000.0,7.5244927536231883,1,6,0,5
71,107,Property_0071,MA,Massachusetts,Millbury,10125.0,2016-08-19 00:00:00,3235000.0,7.3112828438948991,1,6,0,5
72,108,Property_0072,IL,Illinois,Lombard,13905.0,2017-01-11 00:00:00,4900000.0,7.2448971428571429,1,6,0,5
73,110,Property_0073,NC,North Carolina,Ocean Isle Beach,10125.0,2017-06-30 00:00:00,2801550.0,6.8414270671592519,1,6,0,5
74,111,Property_0074,OK,Oklahoma,Moore,13905.0,2017-10-02 00:00:00,3347000.0,6.9587092919031965,1,6,0,5
75,113,Property_0075,TX,Texas,Fort Worth,10908.0,2017-11-28 00:00:00,3150000.0,7.2458412698412706,1,6,0,5
76,114,Property_0076,MN,Minnesota,Circle Pines,13905.0,2015-08-14 00:00:00,3025000.0,6.8953388429752067,1,6,0,7
77,122,Property_0077,MO,Missouri,Saint Peters,14040.0,2015-08-27 00:00:00,2320000.0,6.6756465517241379,1,6,0,5
78,120,Property_0078,FL,Florida,Jacksonville Beach,10908.0,2015-12-02 00:00:00,4245000.0,6.7627326266195524,1,6,0,5
79,116,Property_0079,TX,Texas,Houston,15624.0,2016-05-09 00:00:00,4975000.0,6.746613065326633,1,6,0,5
8,50,Property_0008,TX,Texas,Round Rock,13905.0,2014-09-08 00:00:00,3845209.0,7.0568335817376902,1,6,0,7
80,125,Property_0080,TX,Texas,San Antonio,13813.0,2016-05-11 00:00:00,4330000.0,6.6597228637413393,1,6,0,5
81,118,Property_0081,TX,Texas,Burleson,11200.0,2016-08-12 00:00:00,4190143.0,7.0,1,6,0,6
82,117,Property_0082,RI,Rhode Island,Providence,13450.0,2016-08-31 00:00:00,3715000.0,6.799407806191117,1,6,0,5
83,115,Property_0083,OH,Ohio,Westerville,9872.0,2016-12-23 00:00:00,4200000.0,8.0091904761904775,1,6,0,5
84,121,Property_0084,OH,Ohio,Cleveland Heights,13560.0,2018-03-30 00:00:00,3960000.0,6.9922979797979803,1,6,0,5
85,2,Property_0085,IA,Iowa,Cedar Rapids,13905.0,2011-12-09 00:00:00,4191045.0,8.3749995526175454,1,6,0,5
86,21,Property_0086,OK,Oklahoma,Shawnee,13905.0,2011-12-09 00:00:00,2938000.0,8.3288618107556154,1,6,0,5
87,3,Property_0087,OH,Ohio,Boardman,13905.0,2011-12-13 00:00:00,3958308.48,8.4203391848833373,1,6,0,5
88,129,Property_0088,WI,Wisconsin,Milwaukee,15000.0,2013-11-04 00:00:00,2970000.0,8.0505050505050502,1,6,0,5
89,130,Property_0089,IL,Illinois,East Moline,13905.0,2015-02-09 00:00:00,2825000.0,7.4867256637168147,1,6,0,6
9,51,Property_0009,MA,Massachusetts,Chelsea,13905.0,2014-09-15 00:00:00,4839814.0,7.045726137409412,1,6,0,5
90,131,Property_0090,WA,Washington,Tacoma,13500.0,2015-12-30 00:00:00,4771773.0,7.5000424370564147,1,6,0,5
91,132,Property_0091,KY,Kentucky,Murray,10135.0,2016-06-03 00:00:00,2320000.0,7.0553448275862074,1,6,0,5
92,22,Property_0092,CO,Colorado,Denver,13905.0,2011-12-14 00:00:00,4400000.0,7.4249999999999998,1,6,0,5
93,23,Property_0093,OH,Ohio,Lorain,14490.0,2012-05-04 00:00:00,3248550.0,7.9727866278801311,1,6,0,5
94,27,Property_0094,GA,Georgia,Lithonia,15120.0,2012-12-28 00:00:00,4450000.0,5.0561797752808983,1,6,0,5
95,24,Property_0095,IL,Illinois,Belleville,13905.0,2012-12-28 00:00:00,3478481.0,7.9000000287481802,1,6,0,5
96,25,Property_0096,IA,Iowa,Davenport,15120.0,2014-02-22 00:00:00,4551750.0,6.8627450980392162,1,6,0,5
97,26,Property_0097,IL,Illinois,Aurora,13000.0,2013-07-10 00:00:00,2355000.0,8.0042445859872604,1,6,0,5
98,28,Property_0098,GA,Georgia,Conyers,9504.0,2013-05-01 00:00:00,1900000.0,9.4136842105263163,1,6,0,5
99,29,Property_0099,OH,Ohio,Marion,10722.0,2013-05-30 00:00:00,1667500.0,9.7414308845577189,1,6,0,5
