1,TX-San Antonio,Texas,San Antonio                                        ,TX  ,16050.0,0.0,2014-04-25 00:00:00,2014,2892966.0,NN,CLIENT,215527.56,215527.56,0.0,Client_0029 **,Y (3),7.4500000000000002,3,Tenant_0003,Fin & Prop          ,43,Entity_0043,4,1403923.4635330001,1,L2-ALL            ,6,AE_0006   ,SINGLE TENANT,PHARMACY,1,1
2,AZ-Glendale,Arizona,Glendale                                           ,AZ  ,13500.0,0.0,2014-05-09 00:00:00,2014,3225000.0,NN,CLIENT,228150.0,228150.0,0.0,Client_0029 **,Y (4),7.0739999999999998,3,Tenant_0003,Fin & Prop          ,44,Entity_0044,4,1564262.7849970001,1,L2-ALL            ,6,AE_0006   ,SINGLE TENANT,PHARMACY,1,1
4,IL-Springfield,Illinois,Springfield                                        ,IL  ,18825.0,0.0,2014-05-29 00:00:00,2014,4190000.0,NN,CLIENT,302880.0,302880.0,0.0,Client_0029 **,Y (3),7.2290000000000001,3,Tenant_0003,Fin & Prop          ,46,Entity_0046,4,2042417.5472200001,1,L2-ALL            ,6,AE_0006   ,SINGLE TENANT,PHARMACY,1,1
5,OK-Warr Acres,Oklahoma,Warr Acres                                         ,OK  ,13905.0,0.0,2014-09-02 00:00:00,2014,2600000.0,NN,CLIENT,185325.0,185325.0,0.0,Client_0029 **,Y (3),7.1280000000000001,3,Tenant_0003,Fin & Prop          ,47,Entity_0047,4,1259808.9543600001,1,L2-ALL            ,6,AE_0006   ,SINGLE TENANT,PHARMACY,1,1
6,TN-Cleveland,Tennessee,Cleveland                                          ,TN  ,13903.0,0.0,2015-05-14 00:00:00,2015,2831000.0,NNN,CLIENT,182609.0,182609.0,0.0,Client_0029 **,Y (2),6.4500000000000002,3,Tenant_0003,Fin & Prop          ,48,Entity_0048,4,1448780.297514,1,L2-ALL            ,6,AE_0006   ,SINGLE TENANT,PHARMACY,1,1
7,FL-Pembroke Pines,Florida,Pembroke Pines                                     ,FL  ,15120.0,0.0,2014-07-21 00:00:00,2014,5000000.0,NN,CLIENT,335000.0,335000.0,0.0,Client_0026 **,Y (2),6.7000000000000002,3,Tenant_0003,Fin & Prop          ,49,Entity_0049,1,3619572.1000000001,1,L2-ALL            ,6,AE_0006   ,SINGLE TENANT,PHARMACY,1,1
9,MA-Chelsea,Massachusetts,Chelsea                                            ,MA  ,13905.0,0.0,2014-09-15 00:00:00,2014,4839814.0,NN,CLIENT,341000.03999999998,341000.03999999998,0.0,Client_0026 **,Y (3),7.0460000000000003,3,Tenant_0003,Fin & Prop          ,51,Entity_0051,1,3519952.1699999999,1,L2-ALL            ,6,AE_0006   ,SINGLE TENANT,PHARMACY,1,1
10,MN-Inver Grove Heights,Minnesota,Inver Grove Heights                                ,MN  ,13905.0,0.0,2015-06-15 00:00:00,2015,3563000.0,NN,CLIENT,236542.0,236542.0,0.0,Client_0051 **,Y (3),6.6390000000000002,3,Tenant_0003,Prop Only           ,52,Entity_0052,0,0.0,1,L2-ALL            ,6,AE_0006   ,SINGLE TENANT,PHARMACY,1,1
11,TX-Houston,Texas,Houston                                            ,TX  ,10908.0,0.0,2016-09-20 00:00:00,2016,3700000.0,NNN,CLIENT,220000.07999999999,220000.07999999999,0.0,Client_0051 **,Y (1),5.9459999999999997,1,Tenant_0001,Prop Only           ,53,Entity_0053,0,0.0,1,L2-ALL            ,6,AE_0006   ,SINGLE TENANT,PHARMACY,1,1
12,IL-Danville,Illinois,Danville                                           ,IL  ,13500.0,0.0,2014-10-15 00:00:00,2014,2575000.0,NN,CLIENT,182760.0,182760.0,0.0,Client_0051 **,Y (3),7.0970000000000004,3,Tenant_0003,Prop Only           ,54,Entity_0054,0,0.0,1,L2-ALL            ,6,AE_0006   ,SINGLE TENANT,PHARMACY,1,1
13,IA-Marshalltown,Iowa,Marshalltown,IA  ,13000.0,0.0,2015-01-06 00:00:00,2015,2070000.0,NN,CLIENT,139947.0,139947.0,0.0,Client_0052 **,Y (3),6.7610000000000001,3,Tenant_0003,Fin & Prop          ,55,Entity_0055,2,791720.88,1,L2-ALL            ,6,AE_0006   ,SINGLE TENANT,PHARMACY,1,1
14,KS-Topeka,Kansas,Topeka                                             ,KS  ,13905.0,0.0,2015-10-29 00:00:00,2015,3532846.0,NN,CLIENT,225060.0,225060.0,0.0,Client_0052 **,Y (3),6.3710000000000004,3,Tenant_0003,Fin & Prop          ,57,Entity_0057,2,1930760.6499999999,1,L2-ALL            ,6,AE_0006   ,SINGLE TENANT,PHARMACY,1,1
15,WI-Madison,Wisconsin,Madison                                            ,WI  ,12544.0,0.0,2015-12-10 00:00:00,2015,2692307.0,NN,CLIENT,174999.95999999999,174999.95999999999,0.0,Client_0052 **,Y (3),6.5,3,Tenant_0003,Fin & Prop          ,60,Entity_0060,2,1240032.3600000001,1,L2-ALL            ,6,AE_0006   ,SINGLE TENANT,PHARMACY,1,1
18,SC-Batesburg,South Carolina,Batesburg                                          ,SC  ,10752.0,0.0,2016-03-11 00:00:00,2016,2150000.0,NN,CLIENT,133210.0,133210.0,0.0,Client_0014 **,Y (3),6.1959999999999997,1,Tenant_0001,Fin & Prop          ,63,Entity_0063,0,0.0,1,L2-ALL            ,6,AE_0006   ,SINGLE TENANT,PHARMACY,1,1
19,TX-Garland,Texas,Garland                                            ,TX  ,11500.0,0.0,2016-05-18 00:00:00,2016,3350000.0,NNN,CLIENT,213980.85000000001,213980.85000000001,0.0,Client_0011 **,Y (1),6.3869999999999996,1,Tenant_0001,Fin & Prop          ,64,Entity_0064,1,1184238.54,1,L2-ALL            ,6,AE_0006   ,SINGLE TENANT,PHARMACY,1,1
20,DE-Hockessin,Delaware,Hockessin                                          ,DE  ,12000.0,0.0,2016-06-24 00:00:00,2016,5483400.0,NN,CLIENT,429360.0,429360.0,0.0,Client_0011 **,Y (1),7.8300000000000001,3,Tenant_0003,Fin & Prop          ,65,Entity_0065,1,1737000.0,1,L2-ALL            ,6,AE_0006   ,SINGLE TENANT,PHARMACY,1,1
21,TX-Spring,Texas,Spring                                             ,TX  ,14490.0,0.0,2016-08-12 00:00:00,2016,5725000.0,NN,CLIENT,407004.0,407004.0,0.0,Client_0011 **,Y (1),7.109,3,Tenant_0003,Fin & Prop          ,66,Entity_0066,1,2189976.9100000001,1,L2-ALL            ,6,AE_0006   ,SINGLE TENANT,PHARMACY,1,1
22,TX-Lufkin,Texas,Lufkin                                             ,TX  ,15795.0,0.0,2016-08-30 00:00:00,2016,5175000.0,NN,CLIENT,365000.0,365000.0,0.0,Client_0032 **,Y (1),7.0529999999999999,3,Tenant_0003,Out of Contract     ,67,Entity_0067,0,0.0,1,L2-ALL            ,,,SINGLE TENANT,PHARMACY,1,1
23,CO-Lafayette,Colorado,Lafayette                                          ,CO  ,15120.0,0.0,2016-10-07 00:00:00,2016,4680571.0,NN,CLIENT,295317.0,295317.0,0.0,Client_0032 **,Y (1),6.3090000000000002,3,Tenant_0003,Out of Contract     ,68,Entity_0068,0,0.0,1,L2-ALL            ,,,SINGLE TENANT,PHARMACY,1,1
24,TN-Chattanooga,Tennessee,Chattanooga                                        ,TN  ,10055.0,0.0,2016-10-10 00:00:00,2016,3400000.0,NN,CLIENT,230589.0,230589.0,0.0,Client_0032 **,Y (2),6.782,1,Tenant_0001,Out of Contract     ,69,Entity_0069,0,0.0,1,L2-ALL            ,,,SINGLE TENANT,PHARMACY,1,1
25,KY-Shelbyville,Kentucky,Shelbyville                                        ,KY  ,14820.0,0.0,2017-05-01 00:00:00,2017,4700000.0,NNN,CLIENT,300000.0,300000.0,0.0,Client_0032 **,Y (1),6.383,3,Tenant_0003,Out of Contract     ,87,Entity_0087,0,0.0,1,L2-ALL            ,,,SINGLE TENANT,PHARMACY,1,1
26,FL-Navarre,Florida,Navarre                                            ,FL  ,11200.0,0.0,2018-06-25 00:00:00,2018,3600000.0,NNN,CLIENT,235564.0,235564.0,0.0,Client_0032 **,Y (1),6.5430000000000001,1,Tenant_0001,Out of Contract     ,123,Entity_0123,0,0.0,1,L2-ALL            ,,,SINGLE TENANT,PHARMACY,1,1
27,MO-Independence,Missouri,Independence                                       ,MO  ,18000.0,0.0,2015-05-28 00:00:00,2015,4675000.0,NNN,CLIENT,303862.0,303862.0,0.0,Client_0028 **,Y (2),6.5,3,Tenant_0003,Fin & Prop          ,88,Entity_0088,2,2390926.7999999998,1,L2-ALL            ,6,AE_0006   ,SINGLE TENANT,PHARMACY,1,1
29,OK-Oklahoma City,Oklahoma,Oklahoma City                                      ,OK  ,11140.0,0.0,2016-04-20 00:00:00,2016,4676000.0,NNN,CLIENT,335889.0,335889.0,0.0,Client_0002 **,Y (3),7.1829999999999998,1,Tenant_0001,Prop Only           ,91,Entity_0091,0,0.0,1,L2-ALL            ,6,AE_0006   ,SINGLE TENANT,PHARMACY,1,1
30,LA-Houma,Louisiana,Houma                                              ,LA  ,13500.0,0.0,2016-09-09 00:00:00,2016,2656934.0,NN,CLIENT,182000.0,182000.0,0.0,Client_0002 **,Y (3),6.8499999999999996,3,Tenant_0003,Prop Only           ,90,Entity_0090,0,0.0,1,L2-ALL            ,6,AE_0006   ,SINGLE TENANT,PHARMACY,1,1
31,LA-New Orleans,Louisiana,New Orleans                                        ,LA  ,15120.0,0.0,2017-03-15 00:00:00,2017,3860000.0,NN,CLIENT,284000.0,284000.0,0.0,Client_0002 **,Y (3),7.3579999999999997,3,Tenant_0003,Prop Only           ,92,Entity_0092,0,0.0,1,L2-ALL            ,6,AE_0006   ,SINGLE TENANT,PHARMACY,1,1
32,OK-Duncan,Oklahoma,Duncan                                             ,OK  ,13905.0,0.0,2017-07-19 00:00:00,2017,3160000.0,NN,CLIENT,215000.0,215000.0,0.0,Client_0002 **,Y (1),6.8040000000000003,3,Tenant_0003,Prop Only           ,93,Entity_0093,0,0.0,1,L2-ALL            ,6,AE_0006   ,SINGLE TENANT,PHARMACY,1,1
33,FL-Fort Myers,Florida,Fort Myers                                         ,FL  ,10908.0,0.0,2016-12-01 00:00:00,2016,3265000.0,NN,CLIENT,225905.0,225905.0,0.0,Client_0034 **,Y (3),6.9189999999999996,1,Tenant_0001,Out of Contract     ,94,Entity_0094,0,0.0,1,L2-ALL            ,,,SINGLE TENANT,PHARMACY,1,1
34,IL-Indian Head Park,Illinois,Indian Head Park                                   ,IL  ,15120.0,0.0,2017-01-11 00:00:00,2017,4750000.0,NN,CLIENT,332640.0,332640.0,0.0,Client_0034 **,Y (3),7.0030000000000001,3,Tenant_0003,Out of Contract     ,94,Entity_0094,0,0.0,1,L2-ALL            ,,,SINGLE TENANT,PHARMACY,1,1
35,PA-Royersford,Pennsylvania,Royersford                                         ,PA  ,10461.0,0.0,2016-12-08 00:00:00,2016,4620000.0,NNN,CLIENT,295756.0,295756.0,0.0,Client_0008 **,Y (2),6.4020000000000001,1,Tenant_0001,Prop Only           ,70,Entity_0070,0,0.0,1,L2-ALL            ,6,AE_0006   ,SINGLE TENANT,PHARMACY,1,1
36,WI-Cudahy,Wisconsin,Cudahy                                             ,WI  ,14820.0,0.0,2017-01-13 00:00:00,2017,4850000.0,NNN,CLIENT,310000.0,310000.0,0.0,Client_0008 **,Y (1),6.3920000000000003,3,Tenant_0003,Prop Only           ,71,Entity_0071,0,0.0,1,L2-ALL            ,6,AE_0006   ,SINGLE TENANT,PHARMACY,1,1
37,AR-Rogers,Arkansas,Rogers                                             ,AR  ,15053.0,0.0,2017-03-13 00:00:00,2017,4636224.0,NNN,CLIENT,289764.0,289764.0,0.0,Client_0008 **,Y (1),6.25,3,Tenant_0003,Prop Only           ,72,Entity_0072,0,0.0,1,L2-ALL            ,6,AE_0006   ,SINGLE TENANT,PHARMACY,1,1
38,MO-Florissant,Missouri,Florissant                                         ,MO  ,15595.0,0.0,2017-03-31 00:00:00,2017,5060000.0,NNN,CLIENT,329555.0,329555.0,0.0,Client_0008 **,Y (1),6.5129999999999999,3,Tenant_0003,Prop Only           ,74,Entity_0074,0,0.0,1,L2-ALL            ,6,AE_0006   ,SINGLE TENANT,PHARMACY,1,1
39,NE-Lincoln,Nebraska,Lincoln                                            ,NE  ,15052.0,0.0,2017-03-31 00:00:00,2017,3212000.0,NNN,CLIENT,195932.0,195932.0,0.0,Client_0008 **,Y (1),6.0999999999999996,3,Tenant_0003,Prop Only           ,75,Entity_0075,0,0.0,1,L2-ALL            ,6,AE_0006   ,SINGLE TENANT,PHARMACY,1,1
40,MS-Tupelo,Mississippi,Tupelo                                             ,MS  ,15035.0,0.0,2017-04-26 00:00:00,2017,5451612.0,NNN,CLIENT,338000.0,338000.0,0.0,Client_0008 **,Y (1),6.2000000000000002,3,Tenant_0003,Prop Only           ,76,Entity_0076,0,0.0,1,L2-ALL            ,6,AE_0006   ,SINGLE TENANT,PHARMACY,1,1
41,AZ-Gold Canyon,Arizona,Gold Canyon                                        ,AZ  ,15125.0,0.0,2017-05-24 00:00:00,2017,5742188.0,NNN,CLIENT,367500.0,367500.0,0.0,Client_0008 **,Y (1),6.4000000000000004,3,Tenant_0003,Prop Only           ,77,Entity_0077,0,0.0,1,L2-ALL            ,6,AE_0006   ,SINGLE TENANT,PHARMACY,1,1
42,ID-Pocatello,Idaho,Pocatello                                          ,ID  ,14490.0,0.0,2017-05-25 00:00:00,2017,5490000.0,NNN,CLIENT,356861.0,356861.0,0.0,Client_0008 **,Y (1),6.5,3,Tenant_0003,Prop Only           ,78,Entity_0078,0,0.0,1,L2-ALL            ,6,AE_0006   ,SINGLE TENANT,PHARMACY,1,1
43,TX-Brenham,Texas,Brenham                                            ,TX  ,14550.0,0.0,2017-06-01 00:00:00,2017,5450000.0,NNN,CLIENT,332000.0,332000.0,0.0,Client_0008 **,Y (1),6.0919999999999996,3,Tenant_0003,Prop Only           ,73,Entity_0073,0,0.0,1,L2-ALL            ,6,AE_0006   ,SINGLE TENANT,PHARMACY,1,1
44,TX-Waco,Texas,Waco                                               ,TX  ,13813.0,0.0,2017-06-30 00:00:00,2017,5075000.0,NNN,CLIENT,196149.95999999999,196149.95999999999,0.0,Client_0008 **,Y (1),3.8650000000000002,227,Tenant_0227,Prop Only           ,79,Entity_0079,0,0.0,1,L2-ALL            ,6,AE_0006   ,SINGLE TENANT,PHARMACY,1,1
45,LA-New Iberia,Louisiana,New Iberia                                         ,LA  ,13738.0,0.0,2017-07-06 00:00:00,2017,5113000.0,NNN,CLIENT,323921.0,323921.0,0.0,Client_0008 **,Y (1),6.335,1,Tenant_0001,Prop Only           ,80,Entity_0080,0,0.0,1,L2-ALL            ,6,AE_0006   ,SINGLE TENANT,PHARMACY,1,1
46,OK-Newcastle,Oklahoma,Newcastle                                          ,OK  ,14820.0,0.0,2017-09-25 00:00:00,2017,4600000.0,NNN,CLIENT,276000.0,276000.0,0.0,Client_0008 **,Y (1),6.0,3,Tenant_0003,Prop Only           ,81,Entity_0081,0,0.0,1,L2-ALL            ,6,AE_0006   ,SINGLE TENANT,PHARMACY,1,1
47,TN-Brentwood,Tennessee,Brentwood                                          ,TN  ,14820.0,0.0,2017-09-25 00:00:00,2017,5900000.0,NNN,CLIENT,371800.0,371800.0,0.0,Client_0008 **,Y (1),6.3019999999999996,3,Tenant_0003,Prop Only           ,83,Entity_0083,0,0.0,1,L2-ALL            ,6,AE_0006   ,SINGLE TENANT,PHARMACY,1,1
48,TX-Houston,Texas,Houston                                            ,TX  ,14490.0,0.0,2017-12-15 00:00:00,2017,6400000.0,NNN,CLIENT,384000.0,384000.0,0.0,Client_0008 **,Y (1),6.0,3,Tenant_0003,Prop Only           ,82,Entity_0082,0,0.0,1,L2-ALL            ,6,AE_0006   ,SINGLE TENANT,PHARMACY,1,1
49,IL-Rockford,Illinois,Rockford                                           ,IL  ,130000.0,0.0,2018-03-22 00:00:00,2018,13750000.0,NNN,CLIENT,994500.0,994500.0,0.0,Client_0008 **,Y (1),7.2329999999999997,9,Tenant_0009,Prop Only           ,84,Entity_0084,0,0.0,1,L2-ALL            ,6,AE_0006   ,SINGLE TENANT,NON-PHARMACY,1,1
50,IL-South Elgin,Illinois,South Elgin                                        ,IL  ,11040.0,0.0,2018-05-08 00:00:00,2018,3586439.0,NNN,CLIENT,220566.0,220566.0,0.0,Client_0008 **,Y (1),6.1500000000000004,1,Tenant_0001,Prop Only           ,85,Entity_0085,0,0.0,1,L2-ALL            ,6,AE_0006   ,SINGLE TENANT,PHARMACY,1,1
51,OH-Hubbard,Ohio,Hubbard                                            ,OH  ,10904.0,0.0,2018-05-08 00:00:00,2018,1837398.0,NNN,CLIENT,113000.0,113000.0,0.0,Client_0008 **,Y (1),6.1500000000000004,1,Tenant_0001,Prop Only           ,85,Entity_0085,0,0.0,1,L2-ALL            ,6,AE_0006   ,SINGLE TENANT,PHARMACY,1,1
52,OH-Xenia,Ohio,Xenia                                              ,OH  ,10147.0,0.0,2018-05-08 00:00:00,2018,2325203.0,NNN,CLIENT,143000.0,143000.0,0.0,Client_0008 **,Y (1),6.1500000000000004,1,Tenant_0001,Prop Only           ,85,Entity_0085,0,0.0,1,L2-ALL            ,6,AE_0006   ,SINGLE TENANT,PHARMACY,1,1
53,IL-Watseka,Illinois,Watseka                                            ,IL  ,10202.0,0.0,2018-05-08 00:00:00,2018,2286179.0,NNN,CLIENT,140600.0,140600.0,0.0,Client_0008 **,Y (1),6.1500000000000004,1,Tenant_0001,Prop Only           ,85,Entity_0085,0,0.0,1,L2-ALL            ,6,AE_0006   ,SINGLE TENANT,PHARMACY,1,1
54,VA-Hillsville,Virginia,Hillsville                                         ,VA  ,10086.0,0.0,2018-05-08 00:00:00,2018,1232520.0,NNN,CLIENT,75800.0,75800.0,0.0,Client_0008 **,Y (1),6.1500000000000004,1,Tenant_0001,Prop Only           ,85,Entity_0085,0,0.0,1,L2-ALL            ,6,AE_0006   ,SINGLE TENANT,PHARMACY,1,1
55,NC-King,North Carolina,King                                               ,NC  ,10086.0,0.0,2018-05-08 00:00:00,2018,1895138.0,NNN,CLIENT,116551.0,116551.0,0.0,Client_0008 **,Y (1),6.1500000000000004,1,Tenant_0001,Prop Only           ,85,Entity_0085,0,0.0,1,L2-ALL            ,6,AE_0006   ,SINGLE TENANT,PHARMACY,1,1
56,WI-Racine,Wisconsin,Racine                                             ,WI  ,14820.0,0.0,2018-05-29 00:00:00,2018,5568000.0,NNN,CLIENT,348000.0,348000.0,0.0,Client_0008 **,Y (1),6.25,3,Tenant_0003,Prop Only           ,124,Entity_0124,0,0.0,1,L2-ALL            ,6,AE_0006   ,SINGLE TENANT,PHARMACY,1,1
57,OK-Muskogee,Oklahoma,Muskogee                                           ,OK  ,15120.0,0.0,2016-08-19 00:00:00,2016,3832000.0,NN,CLIENT,263000.0,263000.0,0.0,Client_0007 **,Y (1),6.8630000000000004,3,Tenant_0003,Prop Only           ,86,Entity_0086,0,0.0,1,L2-ALL            ,6,AE_0006   ,SINGLE TENANT,PHARMACY,1,1
58,IA-Davenport,Iowa,Davenport                                          ,IA  ,15120.0,0.0,2017-03-06 00:00:00,2017,4578000.0,NN,CLIENT,309000.0,309000.0,0.0,Client_0007 **,Y (3),6.75,3,Tenant_0003,Prop Only           ,86,Entity_0086,0,0.0,1,L2-ALL            ,6,AE_0006   ,SINGLE TENANT,PHARMACY,1,1
59,LA-Houma,Louisiana,Houma                                              ,LA  ,11320.0,0.0,2017-08-31 00:00:00,2017,3350000.0,NNN,CLIENT,228238.0,228238.0,0.0,Client_0007 **,Y (3),6.8129999999999997,1,Tenant_0001,Prop Only           ,86,Entity_0086,0,0.0,1,L2-ALL            ,6,AE_0006   ,SINGLE TENANT,PHARMACY,1,1
61,IL-Belleville,Illinois,Belleville                                         ,IL  ,15125.0,0.0,2017-03-30 00:00:00,2017,3800000.0,NN,CLIENT,247000.0,247000.0,0.0,Client_0013 **,Y (1),6.5,3,Tenant_0003,Prop Only           ,95,Entity_0095,0,0.0,1,L2-ALL            ,6,AE_0006   ,SINGLE TENANT,PHARMACY,1,1
62,TN-Powell,Tennessee,Powell                                             ,TN  ,10003.0,0.0,2017-07-18 00:00:00,2017,2646000.0,NNN,CLIENT,169691.0,169691.0,0.0,Client_0013 **,Y (2),6.4130000000000003,1,Tenant_0001,Prop Only           ,96,Entity_0096,0,0.0,1,L2-ALL            ,6,AE_0006   ,SINGLE TENANT,PHARMACY,1,1
63,PA-Pittsburgh,Pennsylvania,Pittsburgh                                         ,PA  ,10125.0,0.0,2017-01-13 00:00:00,2017,4100000.0,NNN,CLIENT,322263.0,322263.0,0.0,Client_0005 **,Y (1),7.8600000000000003,1,Tenant_0001,No Mgmt             ,98,Entity_0098,0,0.0,1,L2-ALL            ,,,SINGLE TENANT,PHARMACY,1,1
64,IL-Des Plaines,Illinois,Des Plaines                                        ,IL  ,15272.0,0.0,2017-09-01 00:00:00,2017,6325000.0,NNN,CLIENT,370000.0,370000.0,0.0,Client_0005 **,Y (1),5.8499999999999996,3,Tenant_0003,No Mgmt             ,98,Entity_0098,0,0.0,1,L2-ALL            ,,,SINGLE TENANT,PHARMACY,1,1
65,OK-Tulsa,Oklahoma,Tulsa                                              ,OK  ,13000.0,0.0,2017-10-10 00:00:00,2017,2778000.0,NN,CLIENT,193050.0,193050.0,0.0,Client_0025 **,Y (3),6.9489999999999998,3,Tenant_0003,Fin & Prop          ,99,Entity_0099,2,1973347.2738900001,3,L2B               ,6,AE_0006   ,SINGLE TENANT,PHARMACY,1,1
66,AL-Huntsville,Alabama,Huntsville,AL  ,10125.0,0.0,2017-11-28 00:00:00,2017,4800000.0,NN,CLIENT,327138.0,327138.0,0.0,Client_0025 **,Y (2),6.8150000000000004,1,Tenant_0001,Fin & Prop          ,102,Entity_0102,2,3507532.0855739997,3,L2B               ,6,AE_0006   ,SINGLE TENANT,PHARMACY,1,1
67,TN-Murfreesboro,Tennessee,Murfreesboro                                       ,TN  ,13905.0,0.0,2017-12-15 00:00:00,2017,4700000.0,NN,CLIENT,312444.96000000002,312444.96000000002,0.0,Client_0025 **,Y (3),6.6479999999999997,3,Tenant_0003,Fin & Prop          ,101,Entity_0101,2,2944395.04,3,L2B               ,6,AE_0006   ,SINGLE TENANT,PHARMACY,1,1
68,VA-Midlothian,Virginia,Midlothian                                         ,VA  ,13905.0,0.0,2018-03-05 00:00:00,2018,4150000.0,NN,CLIENT,290000.0,290000.0,0.0,Client_0025 **,Y (3),6.9880000000000004,3,Tenant_0003,Fin & Prop          ,103,Entity_0103,2,2758566.4605360003,3,L2B               ,6,AE_0006   ,SINGLE TENANT,PHARMACY,1,1
69,MA-Oxford,Massachusetts,Oxford                                             ,MA  ,8760.0,0.0,2018-05-10 00:00:00,2018,2175000.0,NN,CLIENT,145941.60000000001,145941.60000000001,0.0,Client_0025 **,Y (3),6.71,1,Tenant_0001,Fin & Prop          ,104,Entity_0104,1,1242845.4199999999,3,L2B               ,6,AE_0006   ,SINGLE TENANT,PHARMACY,1,1
70,NC-Durham,North Carolina,Durham                                             ,NC  ,10125.0,0.0,2016-07-28 00:00:00,2016,3450000.0,NN,CLIENT,259595.0,259595.0,0.0,Client_0036 **,Y (2),7.524,1,Tenant_0001,Fin & Prop          ,105,Entity_0105,2,2165915.52,1,L2-ALL            ,6,AE_0006   ,SINGLE TENANT,PHARMACY,1,1
71,MA-Millbury,Massachusetts,Millbury,MA  ,10125.0,0.0,2016-08-19 00:00:00,2016,3235000.0,NN,CLIENT,236520.0,236520.0,0.0,Client_0016 **,Y (3),7.3109999999999999,1,Tenant_0001,Fin & Prop          ,107,Entity_0107,2,2157212.0,1,L2-ALL            ,6,AE_0006   ,SINGLE TENANT,PHARMACY,1,1
72,IL-Lombard,Illinois,Lombard                                            ,IL  ,13905.0,0.0,2017-01-11 00:00:00,2017,4900000.0,NN,JV,354999.96000000002,354999.96000000002,0.0,Client_0019 **,Y (3),7.2450000000000001,3,Tenant_0003,Fin & Prop          ,108,Entity_0108,1,3205339.1600000001,1,L2-ALL            ,6,AE_0006   ,SINGLE TENANT,PHARMACY,1,1
73,NC-Ocean Isle Beach,North Carolina,Ocean Isle Beach                                   ,NC  ,10125.0,0.0,2017-06-30 00:00:00,2017,2801550.0,NN,CLIENT,191666.0,191666.0,0.0,Client_0015 **,Y (3),6.8410000000000002,1,Tenant_0001,Fin & Prop          ,110,Entity_0110,2,1782393.0,1,L2-ALL            ,6,AE_0006   ,SINGLE TENANT,PHARMACY,1,1
74,OK-Moore,Oklahoma,Moore                                              ,OK  ,13905.0,0.0,2017-10-02 00:00:00,2017,3347000.0,NN,CLIENT,232908.0,232908.0,0.0,Client_0019 **,Y (3),6.9589999999999996,3,Tenant_0003,Fin & Prop          ,111,Entity_0111,2,2188900.0,1,L2-ALL            ,6,AE_0006   ,SINGLE TENANT,PHARMACY,1,1
75,TX-Fort Worth,Texas,Fort Worth                                         ,TX  ,10908.0,0.0,2017-11-28 00:00:00,2017,3150000.0,NN,CLIENT,228244.0,228244.0,0.0,Client_0019 **,Y (3),7.2460000000000004,1,Tenant_0001,Fin & Prop          ,113,Entity_0113,2,2075750.0,1,L2-ALL            ,6,AE_0006   ,SINGLE TENANT,PHARMACY,1,1
77,MO-Saint Peters,Missouri,Saint Peters                                       ,MO  ,14040.0,0.0,2015-08-27 00:00:00,2015,2320000.0,NN,CLIENT,154875.0,154875.0,0.0,Client_0062 **,Y (3),6.6760000000000002,3,Tenant_0003,Out of Contract     ,122,Entity_0122,0,0.0,1,L2-ALL            ,,,SINGLE TENANT,PHARMACY,1,1
78,FL-Jacksonville Beach,Florida,Jacksonville Beach                                 ,FL  ,10908.0,0.0,2015-12-02 00:00:00,2015,4245000.0,NN,CLIENT,287078.0,287078.0,0.0,Client_0058 **,Y (3),6.7629999999999999,1,Tenant_0001,Out of Contract     ,120,Entity_0120,0,0.0,1,L2-ALL            ,,,SINGLE TENANT,PHARMACY,1,1
79,TX-Houston,Texas,Houston                                            ,TX  ,15624.0,0.0,2016-05-09 00:00:00,2016,4975000.0,NN,CLIENT,335644.0,335644.0,0.0,Client_0074 **,Y (2),6.7469999999999999,3,Tenant_0003,Prop Only           ,116,Entity_0116,0,0.0,1,L2-ALL            ,6,AE_0006   ,SINGLE TENANT,PHARMACY,1,1
80,TX-San Antonio,Texas,San Antonio                                        ,TX  ,13813.0,0.0,2016-05-11 00:00:00,2016,4330000.0,NNN,CLIENT,288366.0,288366.0,0.0,Client_0059 **,Y (2),6.6600000000000001,1,Tenant_0001,Out of Contract     ,125,Entity_0125,0,0.0,1,L2-ALL            ,,,SINGLE TENANT,PHARMACY,1,1
82,RI-Providence,Rhode Island,Providence                                         ,RI  ,13450.0,0.0,2016-08-31 00:00:00,2016,3715000.0,NN,CLIENT,252598.0,252598.0,0.0,Client_0009 **,Y (2),6.7990000000000004,1,Tenant_0001,No Mgmt             ,117,Entity_0117,0,0.0,1,L2-ALL            ,,,SINGLE TENANT,PHARMACY,1,1
83,OH-Westerville,Ohio,Westerville                                        ,OH  ,9872.0,0.0,2016-12-23 00:00:00,2016,4200000.0,NNN,CLIENT,336386.0,336386.0,0.0,Client_0027 **,Y (1),8.0090000000000003,1,Tenant_0001,Out of Contract     ,115,Entity_0115,0,0.0,1,L2-ALL            ,,,SINGLE TENANT,PHARMACY,1,1
84,OH-Cleveland Heights,Ohio,Cleveland Heights                                  ,OH  ,13560.0,0.0,2018-03-30 00:00:00,2018,3960000.0,NN,CLIENT,276895.0,276895.0,0.0,Client_0021 **,Y (4),6.992,1,Tenant_0001,Fin & Prop          ,121,Entity_0121,1,2627904.6600000001,1,L2-ALL            ,6,AE_0006   ,SINGLE TENANT,PHARMACY,1,1
85,IA-Cedar Rapids,Iowa,Cedar Rapids                                       ,IA  ,13905.0,0.0,2011-12-09 00:00:00,2011,4191045.0,NN,LJL,351000.0,351000.0,0.0,Client_0001 **,Y (3),8.375,3,Tenant_0003,Fin & Prop          ,2,Entity_0002,2,5211924.2352,1,L2-ALL            ,6,AE_0006   ,SINGLE TENANT,PHARMACY,1,1
86,OK-Shawnee,Oklahoma,Shawnee                                            ,OK  ,13905.0,0.0,2011-12-09 00:00:00,2011,2938000.0,NN,LJL,244701.95999999999,244701.95999999999,0.0,Client_0001 **,Y (3),8.3290000000000006,3,Tenant_0003,Fin & Prop          ,21,Entity_0021,2,2412572.0099999998,1,L2-ALL            ,6,AE_0006   ,SINGLE TENANT,PHARMACY,1,1
87,OH-Boardman,Ohio,Boardman                                           ,OH  ,13905.0,0.0,2011-12-13 00:00:00,2011,3958308.48,NN,LJL,333303.0,333303.0,0.0,Client_0001 **,Y (3),8.4199999999999999,3,Tenant_0003,Fin & Prop          ,3,Entity_0003,3,3898073.3973120004,1,L2-ALL            ,6,AE_0006   ,SINGLE TENANT,PHARMACY,1,1
88,WI-Milwaukee,Wisconsin,Milwaukee                                          ,WI  ,15000.0,0.0,2013-11-04 00:00:00,2013,2970000.0,NN,LJL,239100.0,239100.0,0.0,Client_0040 **,Y (4),8.0510000000000002,3,Tenant_0003,Fin & Prop          ,129,Entity_0129,3,2678932.2124799998,1,L2-ALL            ,6,AE_0006   ,SINGLE TENANT,PHARMACY,1,1
90,WA-Tacoma,Washington,Tacoma                                             ,WA  ,13500.0,0.0,2015-12-30 00:00:00,2015,4771773.0,NN,L2,357885.0,357885.0,0.0,Client_0001 **,Y (3),7.5,3,Tenant_0003,Fin & Prop          ,131,Entity_0131,3,4554184.7612159997,1,L2-ALL            ,6,AE_0006   ,SINGLE TENANT,PHARMACY,1,1
91,KY-Murray,Kentucky,Murray                                             ,KY  ,10135.0,0.0,2016-06-03 00:00:00,2016,2320000.0,NNN,L2,163684.0,163684.0,0.0,Client_0001 **,Y (3),7.0549999999999997,1,Tenant_0001,Fin & Prop          ,132,Entity_0132,3,2059145.3531520001,1,L2-ALL            ,6,AE_0006   ,SINGLE TENANT,PHARMACY,1,1
92,CO-Denver,Colorado,Denver                                             ,CO  ,13905.0,0.0,2011-12-14 00:00:00,2011,4400000.0,NN,LJL,326700.0,326700.0,0.0,Client_0001 **,Y (3),7.4249999999999998,3,Tenant_0003,Fin & Prop          ,22,Entity_0022,2,8130244.8257999988,1,L2-ALL            ,6,AE_0006   ,SINGLE TENANT,PHARMACY,1,1
93,OH-Lorain,Ohio,Lorain                                             ,OH  ,14490.0,0.0,2012-05-04 00:00:00,2012,3248550.0,NN,LJL,258999.95999999999,258999.95999999999,0.0,Client_0001 **,Y (2),7.9729999999999999,3,Tenant_0003,Fin & Prop          ,23,Entity_0023,2,4627367.6642999994,1,L2-ALL            ,6,AE_0006   ,SINGLE TENANT,PHARMACY,1,1
94,GA-Lithonia,Georgia,Lithonia                                           ,GA  ,15120.0,0.0,2012-12-28 00:00:00,2012,4450000.0,NN,LJL,225000.0,225000.0,0.0,Client_0001 **,Y (2),5.056,3,Tenant_0003,Fin & Prop          ,27,Entity_0027,2,8206103.3121000007,1,L2-ALL            ,6,AE_0006   ,SINGLE TENANT,PHARMACY,1,1
95,IL-Belleville,Illinois,Belleville                                         ,IL  ,13905.0,0.0,2012-12-28 00:00:00,2012,3478481.0,NN,LJL,274800.0,274800.0,0.0,Client_0040 **,Y (1),7.9000000000000004,3,Tenant_0003,Fin & Prop          ,24,Entity_0024,2,6778178.8640999999,1,L2-ALL            ,6,AE_0006   ,SINGLE TENANT,PHARMACY,1,1
96,IA-Davenport,Iowa,Davenport                                          ,IA  ,15120.0,0.0,2014-02-22 00:00:00,2014,4551750.0,NN,LJL,312375.0,312375.0,0.0,Client_0001 **,Y (1),6.8630000000000004,3,Tenant_0003,Fin & Prop          ,25,Entity_0025,2,7032527.9063999997,1,L2-ALL            ,6,AE_0006   ,SINGLE TENANT,PHARMACY,1,1
97,IL-Aurora,Illinois,Aurora                                             ,IL  ,13000.0,0.0,2013-07-10 00:00:00,2013,2355000.0,NN,LJL,188499.95999999999,188499.95999999999,0.0,Client_0001 **,Y (3),8.0039999999999996,3,Tenant_0003,Fin & Prop          ,26,Entity_0026,2,4636292.1921000006,1,L2-ALL            ,6,AE_0006   ,SINGLE TENANT,PHARMACY,1,1
98,GA-Conyers,Georgia,Conyers                                            ,GA  ,9504.0,0.0,2013-05-01 00:00:00,2013,1900000.0,NNN,LJL,178860.0,178860.0,0.0,Client_0001 **,Y (3),9.4139999999999997,1,Tenant_0001,Fin & Prop          ,28,Entity_0028,3,2426930.9619839997,1,L2-ALL            ,6,AE_0006   ,SINGLE TENANT,PHARMACY,1,1
99,OH-Marion,Ohio,Marion                                             ,OH  ,10722.0,0.0,2013-05-30 00:00:00,2013,1667500.0,NN,LJL,162438.35999999999,162438.35999999999,0.0,Client_0001 **,Y (2),9.7409999999999997,1,Tenant_0001,Fin & Prop          ,29,Entity_0029,3,1970604.3732479999,1,L2-ALL            ,6,AE_0006   ,SINGLE TENANT,PHARMACY,1,1
101,TX-Jacinto City,Texas,Jacinto City                                       ,TX  ,13905.0,0.0,2015-10-27 00:00:00,2015,2651400.0,NN,JV,198855.0,198855.0,0.0,Client_0121 **,Y (3),7.5,3,Tenant_0003,Fin & Prop          ,226,Entity_0226,2,1915000.0,1,L2-ALL            ,338,AE_0338   ,SINGLE TENANT,PHARMACY,1,1
102,MO-Belton,Missouri,Belton                                             ,MO  ,10908.0,0.0,2015-11-10 00:00:00,2015,4675000.0,NNN,L2,367702.39000000001,367702.39000000001,0.0,Client_0001 **,Y (3),7.8650000000000002,1,Tenant_0001,Fin & Prop          ,7,Entity_0007,3,2850000.0,1,L2-ALL            ,6,AE_0006   ,SINGLE TENANT,PHARMACY,1,1
106,TX-Spring,Texas,Spring                                             ,TX  ,13500.0,0.0,2016-06-09 00:00:00,2016,1200000.0,NN,L2,190000.0,190000.0,0.0,Client_0001 **,Y (3),15.833,3,Tenant_0003,Fin & Prop          ,193,Entity_0193,2,1483579.8069066,1,L2-ALL            ,6,AE_0006   ,SINGLE TENANT,PHARMACY,1,1
108,KY-Erlanger,Kentucky,Erlanger                                           ,KY  ,15120.0,0.0,2016-12-14 00:00:00,2016,5200000.0,NN,JV,368000.0,368000.0,0.0,Client_0022 **,Y (3),7.077,3,Tenant_0003,Fin & Prop          ,32,Entity_0032,1,3450629.3300000001,1,L2-ALL            ,6,AE_0006   ,SINGLE TENANT,PHARMACY,1,1
109,MD-Baltimore,Maryland,Baltimore                                          ,MD  ,15120.0,0.0,2017-01-31 00:00:00,2017,5440560.0,NN,CLIENT,389000.0,389000.0,0.0,Client_0030 **,Y (2),7.1500000000000004,3,Tenant_0003,Fin & Prop          ,35,Entity_0035,1,3817387.29,1,L2-ALL            ,6,AE_0006   ,SINGLE TENANT,PHARMACY,1,1
110,TN-Memphis,Tennessee,Memphis                                            ,TN  ,13905.0,0.0,2017-03-13 00:00:00,2017,4986000.0,NN,JV,369000.0,369000.0,0.0,Client_0022 **,Y (3),7.4009999999999998,3,Tenant_0003,Fin & Prop          ,34,Entity_0034,1,3362655.0099999998,1,L2-ALL            ,6,AE_0006   ,SINGLE TENANT,PHARMACY,1,1
112,OR-Clackamas,Oregon,Clackamas                                          ,OR  ,7124.0,0.0,2017-07-03 00:00:00,2017,1150000.0,NNN,L2,91190.0,91190.0,0.0,Client_0001 **, ,7.9299999999999997,10,Tenant_0010,Fin & Prop          ,192,Entity_0192,3,750000.0,1,L2-ALL            ,6,AE_0006   ,SINGLE TENANT,NON-PHARMACY,1,1
113,IL-Mokena,Illinois,Mokena                                             ,IL  ,15120.0,0.0,2014-08-15 00:00:00,2014,3750000.0,NN,L2,252000.0,252000.0,0.0,Client_0001 **,Y (3),6.7199999999999998,3,Tenant_0003,Fin & Prop          ,19,Entity_0019,2,2833311.3569279998,1,L2-ALL            ,6,AE_0006   ,SINGLE TENANT,PHARMACY,1,1
114,AL-Athens,Alabama,Athens                                             ,AL  ,10125.0,0.0,2015-12-30 00:00:00,2015,2770000.0,NN,L2,196179.0,196179.0,0.0,Client_0001 **,Y (2),7.0819999999999999,1,Tenant_0001,Fin & Prop          ,20,Entity_0020,2,1936500.0,1,L2-ALL            ,6,AE_0006   ,SINGLE TENANT,PHARMACY,1,1
115,PA-New Kensington,Pennsylvania,New Kensington,PA  ,108950.0,0.0,2018-03-22 00:00:00,2018,9700000.0,NN,JV,637351.0,867175.05999999994,229824.05999999994,Client_0022 **,Y (2),8.9399999999999995,2,Tenant_0002,Fin & Prop          ,41,Entity_0041,2,6699810.7699999996,1,L2-ALL            ,6,AE_0006   ,MULTI-TENANT,PHARMACY,7,7
118,CO-Durango,Colorado,Durango                                            ,CO  ,47481.0,0.0,2018-11-30 00:00:00,2018,8367718.0,NNN,JV,653518.57999999996,653518.57999999996,0.0,Client_0025 **, ,7.8099999999999996,12,Tenant_0012,Fin & Prop          ,142,Entity_0142,2,5075000.0,3,L2B               ,6,AE_0006   ,SINGLE TENANT,NON-PHARMACY,1,1
119,WI-Greenfield,Wisconsin,Greenfield                                         ,WI  ,13500.0,0.0,2018-12-06 00:00:00,2018,3085000.0,NN,CLIENT,215600.0,215600.0,0.0,Client_0084 **,Y (1),6.9889999999999999,3,Tenant_0003,No Mgmt             ,143,Entity_0143,0,0.0,1,L2-ALL            ,,,SINGLE TENANT,PHARMACY,1,1
120,MN-Rochester,Minnesota,Rochester                                          ,MN  ,70722.0,0.0,2018-11-05 00:00:00,2018,11500000.0,NN,CLIENT,861805.0,861805.0,0.0,Client_0008 **,Y (3),7.4939999999999998,13,Tenant_0013,Prop Only           ,133,Entity_0133,0,0.0,1,L2-ALL            ,6,AE_0006   ,SINGLE TENANT,NON-PHARMACY,1,1
121,TN-Hendersonville,Tennessee,Hendersonville                                     ,TN  ,10125.0,0.0,2018-10-31 00:00:00,2018,2375000.0,NN,JV,172733.0,172733.0,0.0,Client_0078 **,Y (3),7.2729999999999997,1,Tenant_0001,Fin & Prop          ,139,Entity_0139,1,1583038.54,1,L2-ALL            ,6,AE_0006   ,SINGLE TENANT,PHARMACY,1,1
122,WI-Milwaukee,Wisconsin,Milwaukee                                          ,WI  ,13000.0,0.0,2018-11-13 00:00:00,2018,2616363.0,NN,CLIENT,187069.92000000001,187069.92000000001,0.0,Client_0082 **,Y (2),7.1500000000000004,3,Tenant_0003,Fin & Prop          ,145,Entity_0145,1,1755623.05,1,L2-ALL            ,6,AE_0006   ,SINGLE TENANT,PHARMACY,1,1
123,MO-St. Charles,Missouri,St. Charles                                        ,MO  ,15120.0,0.0,2018-11-14 00:00:00,2018,4390000.0,NNN,CLIENT,317000.03999999998,317000.03999999998,0.0,Client_0082 **,Y (2),7.2210000000000001,3,Tenant_0003,Fin & Prop          ,144,Entity_0144,1,2945805.2000000002,1,L2-ALL            ,6,AE_0006   ,SINGLE TENANT,PHARMACY,1,1
124,NC-Hickory,North Carolina,Hickory                                            ,NC  ,14560.0,0.0,2018-12-27 00:00:00,2018,4185714.0,NNN,CLIENT,293000.03999999998,293000.03999999998,0.0,Client_0082 **,Y (1),7.0,3,Tenant_0003,Fin & Prop          ,148,Entity_0148,1,3001564.7999999998,1,L2-ALL            ,6,AE_0006   ,SINGLE TENANT,PHARMACY,1,1
125,TX-Dayton,Texas,Dayton                                             ,TX  ,14259.0,0.0,2019-01-16 00:00:00,2019,4442000.0,NNN,CLIENT,291000.0,291000.0,0.0,Client_0087 **,Y (1),6.5510000000000002,3,Tenant_0003,Prop Only           ,147,Entity_0147,0,0.0,1,L2-ALL            ,6,AE_0006   ,SINGLE TENANT,PHARMACY,1,1
126,IN-Kokomo,Indiana,Kokomo                                             ,IN  ,14490.0,0.0,2019-01-16 00:00:00,2019,4651851.0,NNN,CLIENT,314000.0,314000.0,0.0,Client_0087 **,Y (1),6.75,3,Tenant_0003,Prop Only           ,147,Entity_0147,0,0.0,1,L2-ALL            ,6,AE_0006   ,SINGLE TENANT,PHARMACY,1,1
145,FL-Haines City,Florida,Haines City                                        ,FL  ,10908.0,0.0,2016-05-02 00:00:00,2016,4008431.0,NN,CLIENT,289486.0,289486.0,0.0,Client_0009 **,Y (3),7.2220000000000004,1,Tenant_0001,No Mgmt             ,,,0,0.0,1,L2-ALL            ,,,SINGLE TENANT,PHARMACY,1,1
147,TX-Houston,Texas,Houston                                            ,TX  ,10908.0,0.0,2015-12-11 00:00:00,2015,3070000.0,NNN,CLIENT,200602.0,200602.0,0.0,Client_0069 **,Y (3),6.5339999999999998,1,Tenant_0001,No Mgmt             ,,,0,0.0,1,L2-ALL            ,,,SINGLE TENANT,PHARMACY,1,1
154,TX-San Antonio,Texas,San Antonio                                        ,TX  ,13000.0,0.0,2015-07-03 00:00:00,2015,2750000.0,NN,CLIENT,187850.0,187850.0,0.0,Client_0069 **,Y (3),6.8310000000000004,3,Tenant_0003,No Mgmt             ,,,0,0.0,1,L2-ALL            ,,,SINGLE TENANT,PHARMACY,1,1
163,IL-Waterloo,Illinois,Waterloo                                           ,IL  ,14490.0,0.0,2019-01-31 00:00:00,2019,3715000.0,NNN,CLIENT,267500.03999999998,267500.03999999998,0.0,Client_0036 **,Y (1),7.2009999999999996,3,Tenant_0003,Out of Contract     ,149,Entity_0149,1,0.0,1,L2-ALL            ,,,SINGLE TENANT,PHARMACY,1,1
164,TN-Harriman,Tennessee,Harriman                                           ,TN  ,14820.0,0.0,2019-01-31 00:00:00,2019,4827338.0,NNN,CLIENT,335500.0,335500.0,0.0,Client_0008 **,Y (1),6.9500000000000002,3,Tenant_0003,Prop Only           ,151,Entity_0151,0,0.0,1,L2-ALL            ,6,AE_0006   ,SINGLE TENANT,PHARMACY,1,1
165,OH-Galloway,Ohio,Galloway                                           ,OH  ,14820.0,0.0,2019-01-31 00:00:00,2019,4673000.0,NNN,CLIENT,324800.0,324800.0,0.0,Client_0008 **,Y (1),6.9509999999999996,3,Tenant_0003,Prop Only           ,150,Entity_0150,0,0.0,1,L2-ALL            ,6,AE_0006   ,SINGLE TENANT,PHARMACY,1,1
166,TX-Schertz,Texas,Schertz                                            ,TX  ,15120.0,0.0,2019-01-31 00:00:00,2019,3760000.0,NN,CLIENT,265000.0,265000.0,0.0,Client_0084 **,Y (3),7.048,3,Tenant_0003,No Mgmt             ,152,Entity_0152,0,0.0,1,L2-ALL            ,,,SINGLE TENANT,PHARMACY,1,1
167,MO-Kirksville,Missouri,Kirksville                                         ,MO  ,14820.0,0.0,2019-02-27 00:00:00,2019,4432773.0,NNN,CLIENT,316500.0,316500.0,0.0,Client_0018 **,Y (1),7.1399999999999997,3,Tenant_0003,Fin & Prop          ,153,Entity_0153,1,2962088.1299999999,1,L2-ALL            ,6,AE_0006   ,SINGLE TENANT,PHARMACY,1,1
168,FL-Orange Park,Florida,Orange Park,FL  ,10908.0,0.0,2019-03-21 00:00:00,2019,3607111.0,NN,CLIENT,243480.0,243480.0,0.0,Client_0084 **,Y (3),6.75,1,Tenant_0001,No Mgmt             ,162,Entity_0162,0,0.0,1,L2-ALL            ,,,SINGLE TENANT,PHARMACY,1,1
169,LA-Sulphur,Louisiana,Sulphur,LA  ,14820.0,0.0,2019-03-27 00:00:00,2019,4027338.0,NNN,CLIENT,279900.0,279900.0,0.0,Client_0008 **,Y (1),6.9500000000000002,3,Tenant_0003,Prop Only           ,164,Entity_0164,1,2872303.8700000001,1,L2-ALL            ,400,AE_0400   ,SINGLE TENANT,PHARMACY,1,1
170,WI-Mukwonago,Wisconsin,Mukwonago,WI  ,63949.0,0.0,2019-04-02 00:00:00,2019,11300000.0,NN,CLIENT,819998.0,819998.0,0.0,Client_0097 **, ,7.2569999999999997,15,Tenant_0015,No Mgmt             ,161,Entity_0161,0,0.0,1,L2-ALL            ,,,SINGLE TENANT,NON-PHARMACY,1,1
171,NC-Sunset Beach,North Carolina,Sunset Beach,NC  ,14560.0,0.0,2019-04-05 00:00:00,2019,5000000.0,NNN,CLIENT,335000.03999999998,335000.03999999998,0.0,Client_0026 **,Y (1),6.7000000000000002,3,Tenant_0003,Fin & Prop          ,160,Entity_0160,1,3312443.04,1,L2-ALL            ,6,AE_0006   ,SINGLE TENANT,PHARMACY,1,1
172,IA-Dubuque,Iowa,Dubuque,IA  ,77393.0,0.0,2019-04-05 00:00:00,2019,6425000.0,NNN,CLIENT,466967.0,466967.0,0.0,Client_0008 **,Y (2),7.2679999999999998,13,Tenant_0013,Prop Only           ,156,Entity_0156,0,0.0,1,L2-ALL            ,6,AE_0006   ,SINGLE TENANT,NON-PHARMACY,1,1
174,WI-Greenfield,Wisconsin,Greenfield                                         ,WI  ,16940.0,0.0,2019-04-23 00:00:00,2019,5100000.0,NN,CLIENT,375000.0,375000.0,0.0,Client_0096 **,Y (2),7.3529999999999998,3,Tenant_0003,Fin & Prop          ,155,Entity_0155,1,2414904.0600000001,1,L2-ALL            ,6,AE_0006   ,SINGLE TENANT,PHARMACY,1,1
175,TX-El Paso,Texas,El Paso,TX  ,13450.0,0.0,2019-04-26 00:00:00,2019,2850000.0,NN,CLIENT,195075.0,195075.0,0.0,Client_0084 **,Y (3),6.8449999999999998,3,Tenant_0003,No Mgmt             ,158,Entity_0158,0,0.0,1,L2-ALL            ,,,SINGLE TENANT,PHARMACY,1,1
176,NM-Albuquerque,New Mexico,Albuquerque,NM  ,15525.0,0.0,2019-04-29 00:00:00,2019,2855000.0,NN,CLIENT,195374.0,195374.0,0.0,Client_0084 **,Y (1),6.843,3,Tenant_0003,No Mgmt             ,163,Entity_0163,0,0.0,1,L2-ALL            ,,,SINGLE TENANT,PHARMACY,1,1
177,KS-Andover,Kansas,Andover,KS  ,14490.0,0.0,2019-04-29 00:00:00,2019,3900000.0,NN,CLIENT,297999.96000000002,297999.96000000002,0.0,Client_0095 **,Y (2),7.641,3,Tenant_0003,Fin & Prop          ,157,Entity_0157,1,2616120.1899999999,1,L2-ALL            ,6,AE_0006   ,SINGLE TENANT,PHARMACY,1,1
178,GA-Perry,Georgia,Perry                                              ,GA  ,10125.0,0.0,2019-05-07 00:00:00,2019,2908000.0,NN,CLIENT,206142.0,206142.0,0.0,Client_0099 **,Y (2),7.0890000000000004,1,Tenant_0001,Fin & Prop          ,165,Entity_0165,1,1570149.3899999999,1,L2-ALL            ,6,AE_0006   ,SINGLE TENANT,PHARMACY,1,1
179,AZ-Phoenix,Arizona,Phoenix                                            ,AZ  ,15120.0,0.0,2019-05-09 00:00:00,2019,4000000.0,NN,JV,286206.0,286206.0,0.0,Client_0001 **,Y (2),7.1550000000000002,3,Tenant_0003,Fin & Prop          ,166,Entity_0166,1,2797485.5600000001,1,L2-ALL            ,6,AE_0006   ,SINGLE TENANT,PHARMACY,1,1
182,KS-Topeka,Kansas,Topeka                                             ,KS  ,13861.0,0.0,2019-06-10 00:00:00,2019,3328000.0,NN,JV,228000.0,228000.0,0.0,Client_0121 **,Y (1),6.851,3,Tenant_0003,Fin & Prop          ,167,Entity_0167,1,2402387.6200000001,1,L2-ALL            ,6,AE_0006   ,SINGLE TENANT,PHARMACY,1,1
183,NC-Salisbury,North Carolina,Salisbury,NC  ,14820.0,0.0,2019-06-10 00:00:00,2019,4444444.0,NNN,CLIENT,300000.0,300000.0,0.0,Client_0036 **,Y (1),6.75,3,Tenant_0003,Out of Contract     ,172,Entity_0172,1,0.0,1,L2-ALL            ,,,SINGLE TENANT,PHARMACY,1,1
184,TX-Abilene,Texas,Abilene                                            ,TX  ,15120.0,0.0,2019-06-12 00:00:00,2019,4742857.1399999997,NN,JV,332000.0,332000.0,0.0,Client_0001 **,Y (2),7.0,3,Tenant_0003,Fin & Prop          ,169,Entity_0169,1,3142134.5800000001,1,L2-ALL            ,6,AE_0006   ,SINGLE TENANT,PHARMACY,1,1
185,TX-San Antonio,Texas,San Antonio                                        ,TX  ,13905.0,0.0,2019-06-19 00:00:00,2019,3635157.1400000001,NN,CLIENT,254461.0,254461.0,0.0,Client_0095 **,Y (2),7.0,3,Tenant_0003,Fin & Prop          ,173,Entity_0173,1,2420490.8999999999,1,L2-ALL            ,6,AE_0006   ,SINGLE TENANT,PHARMACY,1,1
186,WA-Lakewood,Washington,Lakewood                                           ,WA  ,13905.0,0.0,2019-06-19 00:00:00,2019,4327714.29,NN,CLIENT,302940.0,302940.0,0.0,Client_0068 **,Y (2),7.0,3,Tenant_0003,Fin & Prop          ,174,Entity_0174,1,2879778.2599999998,1,L2-ALL            ,6,AE_0006   ,SINGLE TENANT,PHARMACY,1,1
187,MO-Springfield,Missouri,Springfield,MO  ,13500.0,0.0,2019-06-28 00:00:00,2019,2875000.0,NN,CLIENT,202500.0,202500.0,0.0,Client_0026 **,Y (1),7.0430000000000001,3,Tenant_0003,Fin & Prop          ,175,Entity_0175,1,1891778.0800000001,1,L2-ALL            ,6,AE_0006   ,SINGLE TENANT,PHARMACY,1,1
188,TX-Burleson,Texas,Burleson                                           ,TX  ,11200.0,0.0,2018-04-19 00:00:00,2018,4353106.0,NNN,CLIENT,304218.0,304218.0,0.0,Client_0007 **,Y (3),6.9889999999999999,1,Tenant_0001,Prop Only           ,86,Entity_0086,0,0.0,1,L2-ALL            ,6,AE_0006   ,SINGLE TENANT,PHARMACY,1,1
189,SC-Columbia,South Carolina,Columbia                                           ,SC  ,10125.0,0.0,2018-11-19 00:00:00,2018,3100000.0,NN,CLIENT,230546.0,230546.0,0.0,Client_0082 **,Y (3),7.4370000000000003,1,Tenant_0001,Fin & Prop          ,146,Entity_0146,1,2080156.96,1,L2-ALL            ,6,AE_0006   ,SINGLE TENANT,PHARMACY,1,1
190,KY-Lexington,Kentucky,Lexington,KY  ,63293.0,0.0,2019-07-05 00:00:00,2019,6950000.0,NN,CLIENT,514320.0,514320.0,0.0,Client_0096 **, ,7.4000000000000004,14,Tenant_0014,Fin & Prop          ,176,Entity_0176,1,3679475.8999999999,1,L2-ALL            ,6,AE_0006   ,SINGLE TENANT,NON-PHARMACY,1,1
191,TX-Arlington,Texas,Arlington                                          ,TX  ,13905.0,0.0,2019-07-10 00:00:00,2019,3750000.0,NN,CLIENT,261000.0,261000.0,0.0,Client_0095 **,Y (2),6.96,3,Tenant_0003,Fin & Prop          ,177,Entity_0177,1,2493888.75,1,L2-ALL            ,6,AE_0006   ,SINGLE TENANT,PHARMACY,1,1
192,AR-Sherwood,Arkansas,Sherwood,AR  ,13905.0,0.0,2019-07-15 00:00:00,2019,3230000.0,NN,JV,230000.0,230000.0,0.0,Client_0121 **,Y (2),7.1210000000000004,3,Tenant_0003,Fin & Prop          ,11,Entity_0011,1,2112988.1400000001,1,L2-ALL            ,6,AE_0006   ,SINGLE TENANT,PHARMACY,1,1
193,OK-Oklahoma City,Oklahoma,Oklahoma City                                      ,OK  ,15120.0,0.0,2019-07-23 00:00:00,2019,4500000.0,NN,CLIENT,307500.0,307500.0,0.0,Client_0107 **,Y (1),6.8330000000000002,3,Tenant_0003,Fin & Prop          ,178,Entity_0178,1,2991526.8100000001,1,L2-ALL            ,6,AE_0006   ,SINGLE TENANT,PHARMACY,1,1
194,IL-Moline,Illinois,Moline,IL  ,70295.0,0.0,2019-07-25 00:00:00,2019,4000000.0,NNN,CLIENT,228459.0,278459.0,50000.0,Client_0008 **,Y (2),6.9610000000000003,13,Tenant_0013,Prop Only           ,179,Entity_0179,0,0.0,1,L2-ALL            ,6,AE_0006   ,SINGLE TENANT,NON-PHARMACY,1,1
196,NC-Wilson,North Carolina,Wilson,NC  ,14490.0,0.0,2019-08-14 00:00:00,2019,4243500.0,NNN,CLIENT,297045.0,297045.0,0.0,Client_0084 **,Y (1),7.0,3,Tenant_0003,No Mgmt             ,183,Entity_0183,1,0.0,1,L2-ALL            ,,,SINGLE TENANT,PHARMACY,1,1
197,FL-Melbourne,Florida,Melbourne,FL  ,13905.0,0.0,2019-09-03 00:00:00,2019,4050000.0,NN,CLIENT,268000.0,268000.0,0.0,Client_0032 **,Y (2),6.617,3,Tenant_0003,Out of Contract     ,184,Entity_0184,0,0.0,1,L2-ALL            ,,,SINGLE TENANT,PHARMACY,1,1
198,AL-Tuscaloosa,Alabama,Tuscaloosa,AL  ,10055.0,0.0,2019-09-10 00:00:00,2019,2597898.0,NN,CLIENT,184632.0,184632.0,0.0,Client_0008 **,Y (2),7.1070000000000002,1,Tenant_0001,Prop Only           ,185,Entity_0185,0,0.0,1,L2-ALL            ,6,AE_0006   ,SINGLE TENANT,PHARMACY,1,1
199,KY-Louisville,Kentucky,Louisville,KY  ,9500.0,0.0,2019-09-24 00:00:00,2019,800000.0,NNN,L2,55227.0,55227.0,0.0,Client_0001 **,Y (2),6.9029999999999996,1,Tenant_0001,Fin & Prop          ,186,Entity_0186,1,526770.22999999998,1,L2-ALL            ,6,AE_0006   ,SINGLE TENANT,PHARMACY,1,1
201,FL-Palmetto,Florida,Palmetto,FL  ,10125.0,0.0,2019-09-25 00:00:00,2019,3250000.0,NNN,CLIENT,222960.0,222960.0,0.0,Client_0084 **,Y (2),6.8600000000000003,1,Tenant_0001,No Mgmt             ,187,Entity_0187,1,0.0,1,L2-ALL            ,,,SINGLE TENANT,PHARMACY,1,1
203,TX-Missouri City,Texas,Missouri City,TX  ,15950.0,0.0,2019-10-02 00:00:00,2019,2125000.0,NN,CLIENT,152100.0,152100.0,0.0,Client_0099 **,Y (2),7.1580000000000004,3,Tenant_0003,Fin & Prop          ,188,Entity_0188,1,1058637.8600000001,1,L2-ALL            ,6,AE_0006   ,SINGLE TENANT,PHARMACY,1,1
204,IL-O Fallon,Illinois,O Fallon,IL  ,13905.0,0.0,2019-10-17 00:00:00,2019,3280000.0,NN,CLIENT,229900.0,229900.0,0.0,Client_0110 **,Y (1),7.0090000000000003,3,Tenant_0003,Fin & Prop          ,189,Entity_0189,1,1901482.3899999999,1,L2-ALL            ,6,AE_0006   ,SINGLE TENANT,PHARMACY,1,1
205,TN-Hermitage,Tennessee,Hermitage,TN  ,14500.0,0.0,2019-10-25 00:00:00,2019,4325000.0,NNN,CLIENT,300000.0,300000.0,0.0,Client_0082 **,Y (2),6.9359999999999999,3,Tenant_0003,Fin & Prop          ,190,Entity_0190,1,2900291.0299999998,1,L2-ALL            ,6,AE_0006   ,SINGLE TENANT,PHARMACY,1,1
206,WI-Madison,Wisconsin,Madison                                            ,WI  ,19633.0,0.0,2019-11-19 00:00:00,2019,3425000.0,NN,CLIENT,237774.95999999999,237774.95999999999,0.0,Client_0107 **,Y (1),6.9420000000000002,3,Tenant_0003,Fin & Prop          ,196,Entity_0196,1,2284485.4300000002,1,L2-ALL            ,6,AE_0006   ,SINGLE TENANT,PHARMACY,1,2
207,AZ-Casa Grande,Arizona,Casa Grande,AZ  ,13813.0,0.0,2019-11-22 00:00:00,2019,4715000.0,NNN,JV,332284.0,332284.0,0.0,Client_0112 **,Y (2),7.0469999999999997,1,Tenant_0001,Fin & Prop          ,200,Entity_0200,1,3126526.1499999999,1,L2-ALL            ,6,AE_0006   ,SINGLE TENANT,PHARMACY,1,1
208,TX-League City,Texas,League City,TX  ,13905.0,0.0,2019-12-05 00:00:00,2019,2871682.0,NN,CLIENT,198146.04000000001,198146.04000000001,0.0,Client_0112 **,Y (2),6.9000000000000004,3,Tenant_0003,Fin & Prop          ,201,Entity_0201,1,1922259.47,1,L2-ALL            ,6,AE_0006   ,SINGLE TENANT,PHARMACY,1,1
209,OK-Edmond,Oklahoma,Edmond,OK  ,13905.0,0.0,2019-12-05 00:00:00,2019,3423913.0,NN,CLIENT,236250.0,236250.0,0.0,Client_0084 **,Y (2),6.9000000000000004,3,Tenant_0003,No Mgmt             ,204,Entity_0204,0,0.0,1,L2-ALL            ,,,SINGLE TENANT,PHARMACY,1,1
210,TX-Coppell,Texas,Coppell,TX  ,13905.0,0.0,2019-12-05 00:00:00,2019,3496405.0,NN,CLIENT,241252.0,241252.0,0.0,Client_0084 **,Y (2),6.9000000000000004,3,Tenant_0003,No Mgmt             ,203,Entity_0203,0,0.0,1,L2-ALL            ,,,SINGLE TENANT,PHARMACY,1,1
211,TX-Irving,Texas,Irving,TX  ,13905.0,0.0,2019-12-05 00:00:00,2019,3502174.0,NN,CLIENT,241650.0,241650.0,0.0,Client_0084 **,Y (2),6.9000000000000004,3,Tenant_0003,No Mgmt             ,207,Entity_0207,0,0.0,1,L2-ALL            ,,,SINGLE TENANT,PHARMACY,1,1
212,TX-Irving,Texas,Irving,TX  ,13905.0,0.0,2019-12-05 00:00:00,2019,3330217.0,NN,CLIENT,229785.0,229785.0,0.0,Client_0084 **,Y (2),6.9000000000000004,3,Tenant_0003,No Mgmt             ,208,Entity_0208,0,0.0,1,L2-ALL            ,,,SINGLE TENANT,PHARMACY,1,1
213,TX-Grand Prairie,Texas,Grand Prairie,TX  ,13905.0,0.0,2019-12-05 00:00:00,2019,3234421.0,NN,CLIENT,223175.0,223175.0,0.0,Client_0084 **,Y (2),6.9000000000000004,3,Tenant_0003,No Mgmt             ,205,Entity_0205,0,0.0,1,L2-ALL            ,,,SINGLE TENANT,PHARMACY,1,1
214,TX-Grand Prairie,Texas,Grand Prairie,TX  ,13905.0,0.0,2019-12-05 00:00:00,2019,3415797.0,NN,CLIENT,235690.0,235690.0,0.0,Client_0084 **,Y (2),6.9000000000000004,3,Tenant_0003,No Mgmt             ,206,Entity_0206,0,0.0,1,L2-ALL            ,,,SINGLE TENANT,PHARMACY,1,1
215,TX-Cedar Hill,Texas,Cedar Hill,TX  ,13905.0,0.0,2019-12-05 00:00:00,2019,3695652.0,NN,CLIENT,255000.0,255000.0,0.0,Client_0084 **,Y (2),6.9000000000000004,3,Tenant_0003,No Mgmt             ,202,Entity_0202,0,0.0,1,L2-ALL            ,,,SINGLE TENANT,PHARMACY,1,1
216,MS-Olive Branch,Mississippi,Olive Branch                                       ,MS  ,14490.0,0.0,2019-12-18 00:00:00,2019,4668015.0,NNN,CLIENT,303421.0,303421.0,0.0,Client_0008 **,Y (1),6.5,3,Tenant_0003,Prop Only           ,209,Entity_0209,0,0.0,1,L2-ALL            ,6,AE_0006   ,SINGLE TENANT,PHARMACY,1,1
217,CO-Colorado Springs,Colorado,Colorado Springs,CO  ,14490.0,0.0,2020-01-14 00:00:00,2020,5325000.0,NNN,CLIENT,344766.0,344766.0,0.0,Client_0008 **,Y (1),6.4740000000000002,3,Tenant_0003,Prop Only           ,210,Entity_0210,0,0.0,1,L2-ALL            ,6,AE_0006   ,SINGLE TENANT,PHARMACY,1,1
218,RI-Warwick,Rhode Island,Warwick,RI  ,56216.0,0.0,2020-02-07 00:00:00,2020,12400000.0,NN,JV,883551.90000000002,1123578.8999999999,240026.99999999988,Client_0001 **, ,9.0609999999999999,21,Tenant_0021,Fin & Prop          ,212,Entity_0212,2,8542247.5999999996,1,L2-ALL            ,6,AE_0006   ,MULTI-TENANT,NON-PHARMACY,4,4
219,IL-Dekalb,Illinois,Dekalb                                             ,IL  ,13905.0,0.0,2020-02-28 00:00:00,2020,3454545.0,NN,CLIENT,247000.0,247000.0,0.0,Client_0116 **,Y (2),7.1500000000000004,3,Tenant_0003,Fin & Prop          ,216,Entity_0216,1,2318185.9199999999,1,L2-ALL            ,6,AE_0006   ,SINGLE TENANT,PHARMACY,1,1
220,MN-Brainerd,Minnesota,Brainerd                                           ,MN  ,15120.0,0.0,2020-02-28 00:00:00,2020,4108351.0,NN,JV,303000.0,303000.0,0.0,Client_0112 **,Y (2),7.375,3,Tenant_0003,Fin & Prop          ,218,Entity_0218,1,2738480.0099999998,1,L2-ALL            ,6,AE_0006   ,SINGLE TENANT,PHARMACY,1,1
221,GA-Carrollton,Georgia,Carrollton                                         ,GA  ,10125.0,0.0,2020-02-28 00:00:00,2020,2500000.0,NN,L2,198956.14999999999,198956.14999999999,0.0,Client_0001 **,Y (2),7.9580000000000002,1,Tenant_0001,Fin & Prop          ,214,Entity_0214,1,1581749.5600000001,1,L2-ALL            ,6,AE_0006   ,SINGLE TENANT,PHARMACY,1,1
222,TX-Dallas,Texas,Dallas                                             ,TX  ,37000.0,0.0,2020-03-09 00:00:00,2020,12800000.0,NN,JV,936100.0,936100.0,0.0,Client_0122 **, ,7.3129999999999997,26,Tenant_0026,Fin & Prop          ,224,Entity_0224,1,8243278.7199999997,3,L2B               ,6,AE_0006   ,SINGLE TENANT,NON-PHARMACY,1,1
223,VT-Bennington,Vermont,Bennington,VT  ,14572.0,0.0,2020-03-24 00:00:00,2020,4670000.0,NN,CLIENT,319859.53999999998,319859.53999999998,0.0,Client_0120 **,Y (1),6.8490000000000002,1,Tenant_0001,No Mgmt             ,228,Entity_0228,0,0.0,1,L2-ALL            ,,,SINGLE TENANT,PHARMACY,1,1
224,IL-Rock Island,Illinois,Rock Island,IL  ,13905.0,0.0,2020-04-20 00:00:00,2020,4051538.0,NN,CLIENT,263400.0,263400.0,0.0,Client_0120 **,Y (1),6.5010000000000003,3,Tenant_0003,No Mgmt             ,230,Entity_0230,0,0.0,1,L2-ALL            ,,,SINGLE TENANT,PHARMACY,1,1
225,FL-Deltona,Florida,Deltona,FL  ,13000.0,0.0,2020-04-21 00:00:00,2020,5110000.0,NNN,CLIENT,337228.0,337228.0,0.0,Client_0110 **,Y (2),6.5990000000000002,1,Tenant_0001,Fin & Prop          ,231,Entity_0231,1,3286164.9900000002,1,L2-ALL            ,6,AE_0006   ,SINGLE TENANT,PHARMACY,1,1
228,IN-Evansville,Indiana,Evansville,IN  ,55888.0,0.0,2020-05-15 00:00:00,2020,3075000.0,NNN,JV,227040.0,227040.0,0.0,Client_0001 **,Y (1),7.383,9,Tenant_0009,Fin & Prop          ,237,Entity_0237,2,2330575.6800000002,1,L2-ALL            ,6,AE_0006   ,SINGLE TENANT,NON-PHARMACY,1,1
229,IN-Vincennes,Indiana,Vincennes,IN  ,14850.0,0.0,2020-05-28 00:00:00,2020,3100000.0,NN,CLIENT,214000.0,214000.0,0.0,Client_0008 **,Y (1),6.9029999999999996,3,Tenant_0003,Prop Only           ,238,Entity_0238,0,0.0,1,L2-ALL            ,6,AE_0006   ,SINGLE TENANT,PHARMACY,1,1
230,IL-Bolingbrook,Illinois,Bolingbrook,IL  ,13905.0,0.0,2020-06-03 00:00:00,2020,4222222.0,NN,CLIENT,285000.0,285000.0,0.0,Client_0110 **,Y (1),6.75,3,Tenant_0003,Fin & Prop          ,239,Entity_0239,1,2652137.0,1,L2-ALL            ,6,AE_0006   ,SINGLE TENANT,PHARMACY,1,1
231,OK-Broken Arrow,Oklahoma,Broken Arrow,OK  ,14560.0,0.0,2020-06-09 00:00:00,2020,4740000.0,NNN,CLIENT,320000.0,320000.0,0.0,Client_0008 **,Y (1),6.7510000000000003,3,Tenant_0003,Prop Only           ,240,Entity_0240,0,0.0,1,L2-ALL            ,6,AE_0006   ,SINGLE TENANT,PHARMACY,1,1
232,IL-Buffalo Grove,Illinois,Buffalo Grove,IL  ,15120.0,0.0,2020-06-15 00:00:00,2020,4570000.0,NN,CLIENT,320000.0,320000.0,0.0,Client_0125 **,Y (2),7.0019999999999998,3,Tenant_0003,Prop Only           ,243,Entity_0243,0,0.0,1,L2-ALL            ,6,AE_0006   ,SINGLE TENANT,PHARMACY,1,1
233,IN-Indianapolis,Indiana,Indianapolis,IN  ,13500.0,0.0,2020-06-19 00:00:00,2020,2440000.0,NN,JV,185287.0,185287.0,0.0,Client_0001 **,Y (2),7.5940000000000003,3,Tenant_0003,Fin & Prop          ,242,Entity_0242,1,1628193.8700000001,1,L2-ALL            ,6,AE_0006   ,SINGLE TENANT,PHARMACY,1,1
234,MO-Liberty,Missouri,Liberty,MO  ,13905.0,0.0,2020-06-25 00:00:00,2020,4653114.0,NN,CLIENT,337570.0,337570.0,0.0,Client_0125 **,Y (2),7.2549999999999999,3,Tenant_0003,Prop Only           ,244,Entity_0244,0,0.0,1,L2-ALL            ,6,AE_0006   ,SINGLE TENANT,PHARMACY,1,1
235,IL-Bannockburn,Illinois,Bannockburn                                        ,IL  ,13000.0,0.0,2020-07-23 00:00:00,2020,2800000.0,NN,CLIENT,190000.0,190000.0,0.0,Client_0107 **,Y (2),6.7859999999999996,3,Tenant_0003,Fin & Prop          ,245,Entity_0245,1,1876005.75,1,L2-ALL            ,6,AE_0006   ,SINGLE TENANT,PHARMACY,1,1
236,TX-Lufkin,Texas,Lufkin                                             ,TX  ,10908.0,10906.0,2020-07-28 00:00:00,2020,3635000.0,NNN,CLIENT,0.0,0.0,0.0,Client_0125 **,,,,,Prop Only           ,246,Entity_0246,0,0.0,1,L2-ALL            ,6,AE_0006   ,SINGLE TENANT,PHARMACY,0,1
237,KY-Louisville,Kentucky,Louisville,KY  ,84580.0,0.0,2020-07-30 00:00:00,2020,7360000.0,NNN,JV,254713.92000000001,521413.92000000004,266700.0,Client_0112 **,Y (2),7.0839999999999996,3,Tenant_0003,Fin & Prop          ,249,Entity_0249,1,4937960.29,1,L2-ALL            ,6,AE_0006   ,MULTI-TENANT,PHARMACY,2,2
238,PA-Bethel Park,Pennsylvania,Bethel Park,PA  ,10046.0,0.0,2020-07-31 00:00:00,2020,4250000.0,NNN,CLIENT,274125.04999999999,274125.04999999999,0.0,Client_0008 **,Y (1),6.4500000000000002,1,Tenant_0001,Prop Only           ,247,Entity_0247,0,0.0,1,L2-ALL            ,6,AE_0006   ,SINGLE TENANT,PHARMACY,1,1
239,AL-Florence,Alabama,Florence,AL  ,14820.0,0.0,2020-08-26 00:00:00,2020,4569474.0,NNN,CLIENT,303870.0,303870.0,0.0,Client_0008 **,Y (1),6.6500000000000004,3,Tenant_0003,Prop Only           ,251,Entity_0251,0,0.0,1,L2-ALL            ,6,AE_0006   ,SINGLE TENANT,PHARMACY,1,1
240,TX-Houston,Texas,Houston                                            ,TX  ,14490.0,0.0,2020-09-04 00:00:00,2020,4244000.0,NNN,CLIENT,286500.0,286500.0,0.0,Client_0008 **,Y (1),6.7510000000000003,3,Tenant_0003,Prop Only           ,252,Entity_0252,0,0.0,1,L2-ALL            ,6,AE_0006   ,SINGLE TENANT,PHARMACY,1,1
241,WI-Portage,Wisconsin,Portage,WI  ,14490.0,0.0,2020-09-11 00:00:00,2020,4360000.0,NNN,CLIENT,290000.0,290000.0,0.0,Client_0008 **,Y (1),6.6509999999999998,3,Tenant_0003,Prop Only           ,253,Entity_0253,0,0.0,1,L2-ALL            ,6,AE_0006   ,SINGLE TENANT,PHARMACY,1,1
242,NC-Angier,North Carolina,Angier,NC  ,9804.0,0.0,2020-09-30 00:00:00,2020,2025000.0,NN,CLIENT,140000.0,140000.0,0.0,Client_0112 **,Y (2),6.9139999999999997,3,Tenant_0003,Fin & Prop          ,254,Entity_0254,1,1366840.45,1,L2-ALL            ,6,AE_0006   ,SINGLE TENANT,PHARMACY,1,1
243,WI-Franklin,Wisconsin,Franklin                                           ,WI  ,15120.0,0.0,2020-10-07 00:00:00,2020,3812400.0,NN,CLIENT,266868.0,266868.0,0.0,Client_0084 **,Y (2),7.0,3,Tenant_0003,No Mgmt             ,255,Entity_0255,0,0.0,1,L2-ALL            ,,,SINGLE TENANT,PHARMACY,1,1
244,NC-Rocky Mount,North Carolina,Rocky Mount                                        ,NC  ,10125.0,0.0,2020-10-07 00:00:00,2020,3952609.0,NN,CLIENT,260556.23999999999,260556.23999999999,0.0,Client_0084 **,Y (2),6.5919999999999996,1,Tenant_0001,No Mgmt             ,256,Entity_0256,0,0.0,1,L2-ALL            ,,,SINGLE TENANT,PHARMACY,1,1
245,TX-Dallas,Texas,Dallas                                             ,TX  ,13905.0,0.0,2020-10-07 00:00:00,2020,3578485.0,NN,CLIENT,243337.0,243337.0,0.0,Client_0084 **,Y (2),6.7999999999999998,3,Tenant_0003,No Mgmt             ,257,Entity_0257,0,0.0,1,L2-ALL            ,,,SINGLE TENANT,PHARMACY,1,1
247,TX-Arlington,Texas,Arlington                                          ,TX  ,13905.0,0.0,2020-10-29 00:00:00,2020,4237000.0,NN,CLIENT,271197.0,271197.0,0.0,Client_0125 **,Y (1),6.4009999999999998,3,Tenant_0003,Prop Only           ,259,Entity_0259,0,0.0,1,L2-ALL            ,6,AE_0006   ,SINGLE TENANT,PHARMACY,1,1
248,KS-Wichita,Kansas,Wichita,KS  ,15120.0,0.0,2020-10-30 00:00:00,2020,4500000.0,NN,CLIENT,293700.0,293700.0,0.0,Client_0125 **,Y (1),6.5270000000000001,3,Tenant_0003,Prop Only           ,260,Entity_0260,0,0.0,1,L2-ALL            ,6,AE_0006   ,SINGLE TENANT,PHARMACY,1,1
250,AR-Benton,Arkansas,Benton,AR  ,14490.0,0.0,2020-11-20 00:00:00,2020,5935000.0,NNN,CLIENT,368000.0,368000.0,0.0,Client_0125 **,Y (1),6.2009999999999996,3,Tenant_0003,Prop Only           ,261,Entity_0261,0,0.0,1,L2-ALL            ,6,AE_0006   ,SINGLE TENANT,PHARMACY,1,1
251,IL-Moline,Illinois,Moline,IL  ,70000.0,0.0,2020-11-20 00:00:00,2020,7802000.0,NNN,CLIENT,574070.09999999998,574070.09999999998,0.0,Client_0008 **,Y (2),7.3579999999999997,13,Tenant_0013,Prop Only           ,262,Entity_0262,0,0.0,1,L2-ALL            ,6,AE_0006   ,SINGLE TENANT,NON-PHARMACY,1,1
252,AR-Jonesboro,Arkansas,Jonesboro,AR  ,14490.0,0.0,2020-11-20 00:00:00,2020,5538000.0,NNN,CLIENT,360000.0,360000.0,0.0,Client_0008 **,Y (1),6.5010000000000003,3,Tenant_0003,Prop Only           ,262,Entity_0262,0,0.0,1,L2-ALL            ,6,AE_0006   ,SINGLE TENANT,PHARMACY,1,1
253,WI-Pewaukee,Wisconsin,Pewaukee,WI  ,14725.0,0.0,2020-11-25 00:00:00,2020,4828000.0,NN,CLIENT,304212.0,304212.0,0.0,Client_0125 **,Y (1),6.3010000000000002,3,Tenant_0003,Prop Only           ,265,Entity_0265,0,0.0,1,L2-ALL            ,6,AE_0006   ,SINGLE TENANT,PHARMACY,1,1
254,WI-Racine,Wisconsin,Racine                                             ,WI  ,15680.0,0.0,2020-12-01 00:00:00,2020,6578000.0,NN,CLIENT,405000.0,405000.0,0.0,Client_0125 **,Y (2),6.157,3,Tenant_0003,Prop Only           ,263,Entity_0263,0,0.0,1,L2-ALL            ,6,AE_0006   ,SINGLE TENANT,PHARMACY,1,1
255,IL-Springfield,Illinois,Springfield                                        ,IL  ,14820.0,0.0,2020-12-01 00:00:00,2020,4285714.0,NNN,CLIENT,270000.0,270000.0,0.0,Client_0008 **,Y (1),6.2999999999999998,3,Tenant_0003,Prop Only           ,264,Entity_0264,0,0.0,1,L2-ALL            ,6,AE_0006   ,SINGLE TENANT,PHARMACY,1,1
256,TX-Pearland,Texas,Pearland,TX  ,14490.0,0.0,2020-12-01 00:00:00,2020,5400000.0,NNN,CLIENT,325000.0,325000.0,0.0,Client_0008 **,Y (1),6.0190000000000001,3,Tenant_0003,Prop Only           ,266,Entity_0266,0,0.0,1,L2-ALL            ,6,AE_0006   ,SINGLE TENANT,PHARMACY,1,1
257,NE-Papillion,Nebraska,Papillion,NE  ,14189.0,0.0,2020-12-07 00:00:00,2020,5250000.0,NNN,CLIENT,315000.0,315000.0,0.0,Client_0125 **,Y (1),6.0,3,Tenant_0003,Prop Only           ,268,Entity_0268,0,0.0,1,L2-ALL            ,6,AE_0006   ,SINGLE TENANT,PHARMACY,1,1
258,LA-Slidell,Louisiana,Slidell,LA  ,14560.0,0.0,2020-12-07 00:00:00,2020,4400000.0,NNN,CLIENT,275000.0,275000.0,0.0,Client_0125 **,Y (1),6.25,3,Tenant_0003,Prop Only           ,267,Entity_0267,0,0.0,1,L2-ALL            ,6,AE_0006   ,SINGLE TENANT,PHARMACY,1,1
259,IN-Greenwood,Indiana,Greenwood,IN  ,18750.0,0.0,2020-12-09 00:00:00,2020,2000000.0,NN,CLIENT,188500.07999999999,188500.07999999999,0.0,Client_0125 **,Y (2),9.4250000000000007,37,Tenant_0037,Prop Only           ,271,Entity_0271,0,0.0,1,L2-ALL            ,6,AE_0006   ,SINGLE TENANT,NON-PHARMACY,1,1
260,TX-Alvin,Texas,Alvin,TX  ,10906.0,0.0,2020-12-09 00:00:00,2020,2500000.0,NN,CLIENT,190723.56,190723.56,0.0,Client_0125 **,Y (1),7.6289999999999996,1,Tenant_0001,Prop Only           ,270,Entity_0270,0,0.0,1,L2-ALL            ,6,AE_0006   ,SINGLE TENANT,PHARMACY,1,1
261,TX-Cedar Park,Texas,Cedar Park,TX  ,19200.0,0.0,2020-12-09 00:00:00,2020,4200000.0,NNN,CLIENT,266560.08000000002,266560.08000000002,0.0,Client_0125 **,Y (1),6.3470000000000004,37,Tenant_0037,Prop Only           ,269,Entity_0269,0,0.0,1,L2-ALL            ,6,AE_0006   ,SINGLE TENANT,NON-PHARMACY,1,1
262,OH-Canal Winchester,Ohio,Canal Winchester,OH  ,11252.0,0.0,2020-12-09 00:00:00,2020,2600000.0,NN,CLIENT,138744.0,138744.0,0.0,Client_0125 **,Y (2),5.3360000000000003,1,Tenant_0001,Prop Only           ,272,Entity_0272,0,0.0,1,L2-ALL            ,6,AE_0006   ,SINGLE TENANT,PHARMACY,1,1
263,TX-Missouri City,Texas,Missouri City,TX  ,10929.0,0.0,2020-12-09 00:00:00,2020,3100000.0,NN,CLIENT,194652.48000000001,194652.48000000001,0.0,Client_0125 **, ,6.2789999999999999,1,Tenant_0001,Prop Only           ,278,Entity_0278,0,0.0,1,L2-ALL            ,6,AE_0006   ,SINGLE TENANT,PHARMACY,1,1
264,TN-Knoxville,Tennessee,Knoxville,TN  ,10722.0,0.0,2020-12-09 00:00:00,2020,2050000.0,NN,CLIENT,161549.76000000001,161549.76000000001,0.0,Client_0125 **,Y (2),7.8799999999999999,1,Tenant_0001,Prop Only           ,277,Entity_0277,0,0.0,1,L2-ALL            ,6,AE_0006   ,SINGLE TENANT,PHARMACY,1,1
265,MI-Grand Rapids,Michigan,Grand Rapids,MI  ,13500.0,0.0,2020-12-09 00:00:00,2020,4450000.0,NN,CLIENT,224787.0,224787.0,0.0,Client_0125 **,Y (2),5.0510000000000002,3,Tenant_0003,Prop Only           ,276,Entity_0276,0,0.0,1,L2-ALL            ,6,AE_0006   ,SINGLE TENANT,PHARMACY,1,1
266,GA-Smyrna,Georgia,Smyrna,GA  ,10125.0,0.0,2020-12-09 00:00:00,2020,2900000.0,NN,CLIENT,219407.39999999999,219407.39999999999,0.0,Client_0125 **, ,7.5659999999999998,1,Tenant_0001,Prop Only           ,275,Entity_0275,0,0.0,1,L2-ALL            ,6,AE_0006   ,SINGLE TENANT,PHARMACY,1,1
267,AL-Tuscaloosa,Alabama,Tuscaloosa,AL  ,10195.0,0.0,2020-12-09 00:00:00,2020,2500000.0,NN,CLIENT,171000.0,171000.0,0.0,Client_0125 **,Y (1),6.8399999999999999,1,Tenant_0001,Prop Only           ,274,Entity_0274,0,0.0,1,L2-ALL            ,6,AE_0006   ,SINGLE TENANT,PHARMACY,1,1
268,FL-Milton,Florida,Milton                                             ,FL  ,19097.0,0.0,2020-12-09 00:00:00,2020,5100000.0,NN,CLIENT,260148.0,260148.0,0.0,Client_0125 **,Y (1),5.101,37,Tenant_0037,Prop Only           ,273,Entity_0273,0,0.0,1,L2-ALL            ,6,AE_0006   ,SINGLE TENANT,NON-PHARMACY,1,1
269,NH-Manchester,New Hampshire,Manchester,NH  ,13905.0,0.0,2020-12-15 00:00:00,2020,3905000.0,NN,CLIENT,246000.0,246000.0,0.0,Client_0125 **,Y (1),6.2999999999999998,3,Tenant_0003,Prop Only           ,279,Entity_0279,0,0.0,1,L2-ALL            ,6,AE_0006   ,SINGLE TENANT,PHARMACY,1,1
270,OH-Sandusky,Ohio,Sandusky,OH  ,10125.0,0.0,2020-12-17 00:00:00,2020,2682000.0,NN,CLIENT,199048.0,199048.0,0.0,Client_0084 **,Y (2),7.4219999999999997,1,Tenant_0001,No Mgmt             ,283,Entity_0283,0,0.0,1,L2-ALL            ,,,SINGLE TENANT,PHARMACY,1,1
271,MI-Kalamazoo,Michigan,Kalamazoo,MI  ,13575.0,0.0,2020-12-18 00:00:00,2020,5123077.0,NNN,CLIENT,333000.0,333000.0,0.0,Client_0125 **,Y (1),6.5,3,Tenant_0003,Prop Only           ,287,Entity_0287,0,0.0,1,L2-ALL            ,6,AE_0006   ,SINGLE TENANT,PHARMACY,1,1
272,CA-Yucca Valley,California,Yucca Valley,CA  ,14490.0,0.0,2020-12-18 00:00:00,2020,3600000.0,NN,CLIENT,264337.0,264337.0,0.0,Client_0112 **,Y (1),7.343,3,Tenant_0003,Fin & Prop          ,284,Entity_0284,1,1196975.22,1,L2-ALL            ,6,AE_0006   ,SINGLE TENANT,PHARMACY,1,1
273,LA-Kenner,Louisiana,Kenner,LA  ,15799.0,0.0,2020-12-22 00:00:00,2020,5000000.0,NNN,CLIENT,362500.0,362500.0,0.0,Client_0008 **,Y (1),7.25,3,Tenant_0003,Prop Only           ,288,Entity_0288,0,0.0,1,L2-ALL            ,6,AE_0006   ,SINGLE TENANT,PHARMACY,1,1
274,OH-Dayton,Ohio,Dayton,OH  ,13905.0,0.0,2020-12-23 00:00:00,2020,3575000.0,NN,CLIENT,250290.0,250290.0,0.0,Client_0125 **,Y (1),7.0010000000000003,3,Tenant_0003,Prop Only           ,290,Entity_0290,0,0.0,1,L2-ALL            ,6,AE_0006   ,SINGLE TENANT,PHARMACY,1,1
275,NC-Raleigh,North Carolina,Raleigh,NC  ,14560.0,0.0,2020-12-23 00:00:00,2020,5354000.0,NNN,CLIENT,338600.0,338600.0,0.0,Client_0008 **,Y (1),6.3239999999999998,3,Tenant_0003,Prop Only           ,262,Entity_0262,0,0.0,1,L2-ALL            ,6,AE_0006   ,SINGLE TENANT,PHARMACY,1,1
276,OK-Mustang,Oklahoma,Mustang,OK  ,13650.0,0.0,2020-12-24 00:00:00,2020,4704000.0,NNN,CLIENT,294000.0,294000.0,0.0,Client_0026 **,Y (1),6.25,3,Tenant_0003,Fin & Prop          ,291,Entity_0291,1,3211420.0600000001,1,L2-ALL            ,6,AE_0006   ,SINGLE TENANT,PHARMACY,1,1
277,IL-Oak Park,Illinois,Oak Park,IL  ,2455.0,0.0,2020-12-29 00:00:00,2020,1118000.0,NNN,L2,78754.0,78754.0,0.0,Client_0001 **, ,7.0439999999999996,39,Tenant_0039,Fin & Prop          ,294,Entity_0294,1,761874.45999999996,1,L2-ALL            ,6,AE_0006   ,SINGLE TENANT,NON-PHARMACY,1,1
278,TX-Tomball,Texas,Tomball,TX  ,14820.0,0.0,2020-12-29 00:00:00,2020,7000000.0,NNN,CLIENT,345000.0,345000.0,0.0,Client_0008 **,Y (1),4.9290000000000003,3,Tenant_0003,Prop Only           ,293,Entity_0293,0,0.0,1,L2-ALL            ,6,AE_0006   ,SINGLE TENANT,PHARMACY,1,1
279,OK-Sand Springs,Oklahoma,Sand Springs,OK  ,14560.0,0.0,2020-12-29 00:00:00,2020,5085000.0,NNN,CLIENT,320500.0,320500.0,0.0,Client_0125 **,Y (1),6.3029999999999999,3,Tenant_0003,Prop Only           ,292,Entity_0292,0,0.0,1,L2-ALL            ,6,AE_0006   ,SINGLE TENANT,PHARMACY,1,1
280,AR-Mountain Home,Arkansas,Mountain Home,AR  ,14753.0,0.0,2020-12-29 00:00:00,2020,5750000.0,NNN,CLIENT,345000.0,345000.0,0.0,Client_0125 **,Y (1),6.0,3,Tenant_0003,Prop Only           ,301,Entity_0301,0,0.0,1,L2-ALL            ,6,AE_0006   ,SINGLE TENANT,PHARMACY,1,1
281,OH-Mentor On The Lake,Ohio,Mentor On The Lake,OH  ,74333.0,0.0,2020-12-31 00:00:00,2020,9750000.0,NN,JV,646439.0,740151.0,93712.0,Client_0001 **,Y (2),7.5910000000000002,2,Tenant_0002,Fin & Prop          ,295,Entity_0295,1,6369653.4900000002,1,L2-ALL            ,6,AE_0006   ,MULTI-TENANT,NON-PHARMACY,4,3
282,OK-Owasso,Oklahoma,Owasso,OK  ,15120.0,0.0,2020-12-29 00:00:00,2020,5605000.0,NNN,CLIENT,347500.0,347500.0,0.0,Client_0125 **,Y (1),6.2000000000000002,3,Tenant_0003,Prop Only           ,303,Entity_0303,0,0.0,1,L2-ALL            ,6,AE_0006   ,SINGLE TENANT,PHARMACY,1,1
283,MT-Bozeman,Montana,Bozeman,MT  ,26449.0,0.0,2020-12-30 00:00:00,2020,7310000.0,NN,L2,496244.28000000003,496244.28000000003,0.0,Client_0001 **, ,6.7889999999999997,40,Tenant_0040,Fin & Prop          ,307,Entity_0307,2,4215031.1930934004,1,L2-ALL            ,6,AE_0006   ,SINGLE TENANT,NON-PHARMACY,1,1
284,NC-Mocksville,North Carolina,Mocksville,NC  ,14820.0,0.0,2020-12-29 00:00:00,2020,4287500.0,NNN,CLIENT,275000.0,275000.0,0.0,Client_0128 **,Y (1),6.4139999999999997,3,Tenant_0003,Fin & Prop          ,298,Entity_0298,0,0.0,1,L2-ALL            ,6,AE_0006   ,SINGLE TENANT,PHARMACY,1,1
285,OK-Oklahoma City,Oklahoma,Oklahoma City                                      ,OK  ,13905.0,0.0,2020-12-29 00:00:00,2020,4436363.0,NN,CLIENT,244000.0,244000.0,0.0,Client_0125 **,Y (2),5.5,3,Tenant_0003,Prop Only           ,299,Entity_0299,0,0.0,1,L2-ALL            ,6,AE_0006   ,SINGLE TENANT,PHARMACY,1,1
286,CT-Torrington,Connecticut,Torrington                                         ,CT  ,15120.0,0.0,2020-12-29 00:00:00,2020,5833333.0,NNN,CLIENT,300000.0,300000.0,0.0,Client_0008 **,Y (1),5.1429999999999998,3,Tenant_0003,Prop Only           ,300,Entity_0300,0,0.0,1,L2-ALL            ,6,AE_0006   ,SINGLE TENANT,PHARMACY,1,1
287,TX-Arlington,Texas,Arlington                                          ,TX  ,13905.0,0.0,2020-12-28 00:00:00,2020,4403333.0,NN,CLIENT,264200.0,264200.0,0.0,Client_0128 **,Y (1),6.0,3,Tenant_0003,Fin & Prop          ,304,Entity_0304,0,0.0,1,L2-ALL            ,6,AE_0006   ,SINGLE TENANT,PHARMACY,1,1
289,FL-Clearwater,Florida,Clearwater,FL  ,15525.0,0.0,2020-12-28 00:00:00,2020,4100000.0,NN,CLIENT,260000.0,260000.0,0.0,Client_0110 **,Y (1),6.3410000000000002,3,Tenant_0003,Fin & Prop          ,306,Entity_0306,1,2785568.0,1,L2-ALL            ,6,AE_0006   ,SINGLE TENANT,PHARMACY,1,1
290,MO-Neosho,Missouri,Neosho,MO  ,14820.0,0.0,2021-02-24 00:00:00,2021,3260000.0,NNN,CLIENT,212000.0,212000.0,0.0,Client_0029 **,Y (1),6.5030000000000001,3,Tenant_0003,Fin & Prop          ,309,Entity_0309,4,1824814.1823760003,1,L2-ALL            ,6,AE_0006   ,SINGLE TENANT,PHARMACY,1,1
291,NC-Greenville,North Carolina,Greenville,NC  ,14490.0,0.0,2021-03-18 00:00:00,2021,4843750.0,NN,CLIENT,310000.0,310000.0,0.0,Client_0008 **, ,6.4000000000000004,3,Tenant_0003,Prop Only           ,310,Entity_0310,0,0.0,1,L2-ALL            ,6,AE_0006   ,SINGLE TENANT,PHARMACY,1,1
292,IL-Island Lake,Illinois,Island Lake,IL  ,14820.0,0.0,2021-04-12 00:00:00,2021,5392000.0,NNN,CLIENT,337000.0,337000.0,0.0,Client_0136 **,Y (1),6.25,3,Tenant_0003,Fin & Prop          ,311,Entity_0311,1,3198846.2599999998,1,L2-ALL            ,6,AE_0006   ,SINGLE TENANT,PHARMACY,1,1
293,TX-Mansfield,Texas,Mansfield,TX  ,15120.0,0.0,2021-04-15 00:00:00,2021,4520000.0,NNN,JV,276000.0,276000.0,0.0,Client_0022 **,Y (1),6.1059999999999999,3,Tenant_0003,Fin & Prop          ,315,Entity_0315,1,3252957.3799999999,1,L2-ALL            ,6,AE_0006   ,SINGLE TENANT,PHARMACY,1,1
294,KS-Hutchinson,Kansas,Hutchinson,KS  ,2901.0,0.0,2021-04-20 00:00:00,2021,1126410.0,NN,JV,66000.0,66000.0,0.0,Client_0022 **,Y (1),5.859,4,Tenant_0004,Fin & Prop          ,316,Entity_0316,1,837537.69999999995,1,L2-ALL            ,6,AE_0006   ,SINGLE TENANT,NON-PHARMACY,1,1
295,TX-Lufkin,Texas,Lufkin                                             ,TX  ,10908.0,0.0,2021-04-30 00:00:00,2021,3000000.0,NN,CLIENT,176165.0,176165.0,0.0,Client_0141 **,Y (1),5.8719999999999999,1,Tenant_0001,No Mgmt             ,317,Entity_0317,0,0.0,1,L2-ALL            ,,,SINGLE TENANT,PHARMACY,1,1
296,WI-Kenosha,Wisconsin,Kenosha,WI  ,49936.0,0.0,2021-05-07 00:00:00,2021,2625000.0,NNN,L2,180000.0,180000.0,0.0,Client_0001 **,Y (1),6.8570000000000002,44,Tenant_0044,Fin & Prop          ,318,Entity_0318,1,1898011.1100000001,1,L2-ALL            ,6,AE_0006   ,SINGLE TENANT,NON-PHARMACY,1,1
297,MS-Pascagoula,Mississippi,Pascagoula,MS  ,15120.0,0.0,2021-05-11 00:00:00,2021,4080000.0,NN,CLIENT,285000.0,285000.0,0.0,Client_0110 **,Y (1),6.9850000000000003,3,Tenant_0003,Fin & Prop          ,319,Entity_0319,1,2776104.96,1,L2-ALL            ,6,AE_0006   ,SINGLE TENANT,PHARMACY,1,1
298,PA-Nanticoke,Pennsylvania,Nanticoke,PA  ,10908.0,0.0,2021-05-17 00:00:00,2021,2950000.0,NN,CLIENT,195412.56,195412.56,0.0,Client_0144 **,Y (1),6.6239999999999997,1,Tenant_0001,Fin & Prop          ,320,Entity_0320,1,1704517.8600000001,1,L2-ALL            ,6,AE_0006   ,SINGLE TENANT,PHARMACY,1,1
299,AZ-Cottonwood,Arizona,Cottonwood,AZ  ,15251.0,0.0,2021-05-27 00:00:00,2021,4950000.0,NN,L2,295869.0,295869.0,0.0,Client_0001 **,Y (1),5.9770000000000003,1,Tenant_0001,Fin & Prop          ,323,Entity_0323,2,3627345.3100000001,1,L2-ALL            ,6,AE_0006   ,SINGLE TENANT,PHARMACY,1,1
300,MI-Fort Gratiot,Michigan,Fort Gratiot,MI  ,4968.0,0.0,2021-06-16 00:00:00,2021,1990000.0,NN,JV,93580.199999999997,147130.20000000001,53550.000000000015,Client_0001 **,Y (2),7.3929999999999998,47,Tenant_0047,Fin & Prop          ,324,Entity_0324,1,1374226.1499999999,1,L2-ALL            ,338,AE_0338   ,MULTI-TENANT,NON-PHARMACY,2,2
301,WI-West Allis,Wisconsin,West Allis,WI  ,259962.0,0.0,2021-07-21 00:00:00,2021,22523000.0,NN,JV,613264.30000000005,1901467.3400000001,1288203.04,Client_0020 **, ,8.4420000000000002,52,Tenant_0052,Fin & Prop          ,329,Entity_0329,2,16542464.57,1,L2-ALL            ,338,AE_0338   ,MULTI-TENANT,NON-PHARMACY,8,8
302,MN-Bloomington,Minnesota,Bloomington,MN  ,83905.0,2347.0,2021-08-26 00:00:00,2021,17000000.0,NN,JV,1035697.22,1181856.8200000001,146159.60000000009,Client_0148 **,Y (2),6.952,50,Tenant_0050,Fin & Prop          ,334,Entity_0334,1,9776467.4000000004,3,L2B               ,338,AE_0338   ,MULTI-TENANT,NON-PHARMACY,6,7
303,TX-Conroe,Texas,Conroe,TX  ,13824.0,0.0,2021-10-19 00:00:00,2021,7661078.0,NNN,CLIENT,350000.03999999998,350000.03999999998,0.0,Client_0150 **,Y (2),4.569,1,Tenant_0001,Prop Only           ,344,Entity_0344,0,0.0,1,L2-ALL            ,6,AE_0006   ,SINGLE TENANT,PHARMACY,1,1
304,TX-Spring,Texas,Spring                                             ,TX  ,13813.0,0.0,2021-10-19 00:00:00,2021,4754000.0,NNN,CLIENT,259676.88,259676.88,0.0,Client_0149 **,Y (1),5.4619999999999997,1,Tenant_0001,Fin & Prop          ,343,Entity_0343,0,0.0,1,L2-ALL            ,6,AE_0006   ,SINGLE TENANT,PHARMACY,1,1
305,TN-Harriman,Tennessee,Harriman                                           ,TN  ,33816.0,0.0,2021-11-03 00:00:00,2021,3235000.0,NN,L2,240215.64000000001,240215.64000000001,0.0,Client_0001 **,Y (1),7.4260000000000002,57,Tenant_0057,Fin & Prop          ,349,Entity_0349,3,2179563.75,1,L2-ALL            ,338,AE_0338   ,SINGLE TENANT,NON-PHARMACY,1,1
306,FL-Temple Terrace,Florida,Temple Terrace,FL  ,48769.0,0.0,2021-11-19 00:00:00,2021,10000001.0,NN,CLIENT,531180.0,649185.37,118005.37,Client_0008 **,Y (2),6.492,65,Tenant_0065,Prop Only           ,350,Entity_0350,0,0.0,1,L2-ALL            ,338,AE_0338   ,MULTI-TENANT,NON-PHARMACY,4,4
307,WI-Madison,Wisconsin,Madison                                                                                             ,WI  ,72743.0,0.0,2021-12-06 00:00:00,2021,7958000.0,NNN,JV,475500.0,475500.0,0.0,Client_0148 **,Y (1),5.9749999999999996,15,Tenant_0015,Fin & Prop          ,353,Entity_0353,2,12448800.0,3,L2B               ,338,AE_0338   ,SINGLE TENANT,NON-PHARMACY,1,1
308,OH-Akron,Ohio,Akron,OH  ,77127.0,0.0,2021-12-03 00:00:00,2021,7572150.0,NNN,CLIENT,417657.84000000003,452657.84000000003,35000.0,Client_0008 **,Y (1),5.9779999999999998,2,Tenant_0002,Prop Only           ,351,Entity_0351,0,0.0,1,L2-ALL            ,338,AE_0338   ,SINGLE TENANT,NON-PHARMACY,1,1
309,IL-Vernon Hills,Illinois,Vernon Hills,IL  ,113963.0,0.0,2021-12-08 00:00:00,2021,14500000.0,NNN,JV,855552.0,855552.0,0.0,Client_0148 **,Y (2),5.9000000000000004,56,Tenant_0056,Fin & Prop          ,355,Entity_0355,2,22695120.0,3,L2B               ,338,AE_0338   ,SINGLE TENANT,NON-PHARMACY,1,1
310,GA-Jasper,Georgia,Jasper,GA  ,95006.0,2212.0,2021-12-10 00:00:00,2021,11800000.0,NN,JV,466872.0,902928.08999999997,436056.08999999997,Client_0148 **,Y (1),7.6520000000000001,14,Tenant_0014,Fin & Prop          ,357,Entity_0357,2,18465720.0,3,L2B               ,338,AE_0338   ,MULTI-TENANT,NON-PHARMACY,13,14
311,OH-Ashtabula,Ohio,Ashtabula,OH  ,56698.0,0.0,2021-12-10 00:00:00,2021,5600000.0,NN,CLIENT,350000.0,350000.0,0.0,Client_0008 **,Y (1),6.25,2,Tenant_0002,Prop Only           ,358,Entity_0358,0,0.0,1,L2-ALL            ,338,AE_0338   ,SINGLE TENANT,NON-PHARMACY,1,1
312,MI-Dowagiac,Michigan,Dowagiac,MI  ,48030.0,0.0,2021-12-13 00:00:00,2021,6242000.0,NNN,CLIENT,351897.90000000002,385084.62,33186.719999999972,Client_0008 **, ,6.1689999999999996,72,Tenant_0072,Prop Only           ,359,Entity_0359,0,0.0,1,L2-ALL            ,338,AE_0338   ,MULTI-TENANT,NON-PHARMACY,2,2
313,ND-Bismarck,North Dakota,Bismarck,ND  ,60945.0,0.0,2021-12-17 00:00:00,2021,7191150.0,NN,JV,487560.0,487560.0,0.0,Client_0148 **,Y (1),6.7800000000000002,73,Tenant_0073,Fin & Prop          ,360,Entity_0360,2,11259780.0,3,L2B               ,338,AE_0338   ,SINGLE TENANT,NON-PHARMACY,1,1
314,ND-Bismarck,North Dakota,Bismarck,ND  ,63000.0,0.0,2021-12-17 00:00:00,2021,7433628.0,NN,JV,504000.0,504000.0,0.0,Client_0148 **,Y (1),6.7800000000000002,73,Tenant_0073,Fin & Prop          ,361,Entity_0361,2,11642820.0,3,L2B               ,338,AE_0338   ,SINGLE TENANT,NON-PHARMACY,1,1
315,ND-Bismarck,North Dakota,Bismarck,ND  ,53000.0,0.0,2021-12-17 00:00:00,2021,6253687.0,NN,JV,424000.0,424000.0,0.0,Client_0148 **,Y (1),6.7800000000000002,73,Tenant_0073,Fin & Prop          ,362,Entity_0362,2,9783480.0,3,L2B               ,338,AE_0338   ,SINGLE TENANT,NON-PHARMACY,1,1
316,ND-Mandan,North Dakota,Mandan,ND  ,34500.0,0.0,2021-12-17 00:00:00,2021,4071535.0,NN,JV,276000.0,276000.0,0.0,Client_0148 **,Y (1),6.7789999999999999,73,Tenant_0073,Fin & Prop          ,363,Entity_0363,2,6368040.0,3,L2B               ,338,AE_0338   ,SINGLE TENANT,NON-PHARMACY,1,1
317,MO-Blue Springs,Missouri,Blue Springs,MO  ,3200.0,0.0,2021-12-21 00:00:00,2021,1950000.0,NN,L2,113600.0,113600.0,0.0,Client_0001 **, ,5.8259999999999996,66,Tenant_0066,Fin & Prop          ,364,Entity_0364,2,1232936.2500000002,1,L2-ALL            ,338,AE_0338   ,SINGLE TENANT,NON-PHARMACY,1,1
318,MI-Eastpointe,Michigan,Eastpointe,MI  ,10868.0,0.0,2021-12-22 00:00:00,2021,2321694.0,NNN,CLIENT,165000.0,165000.0,0.0,Client_0152 **,Y (1),7.1070000000000002,1,Tenant_0001,Fin & Prop          ,371,Entity_0371,0,0.0,1,L2-ALL            ,400,AE_0400   ,SINGLE TENANT,PHARMACY,1,1
319,NC-Raleigh,North Carolina,Raleigh,NC  ,9735.0,0.0,2021-12-22 00:00:00,2021,5279414.0,NNN,CLIENT,279283.08000000002,279283.08000000002,0.0,Client_0152 **,Y (2),5.29,1,Tenant_0001,Fin & Prop          ,372,Entity_0372,0,0.0,1,L2-ALL            ,400,AE_0400   ,SINGLE TENANT,PHARMACY,1,1
321,OH-Columbus,Ohio,Columbus,OH  ,116707.0,1985.0,2021-12-27 00:00:00,2021,24350000.0,NN,JV,1186940.6000000001,1797757.22,610816.61999999988,Client_0148 **,Y (1),7.383,2,Tenant_0002,Fin & Prop          ,370,Entity_0370,2,38136420.0,3,L2B               ,338,AE_0338   ,MULTI-TENANT,NON-PHARMACY,14,15
322,AR-Fayetteville,Arkansas,Fayetteville,AR  ,2927.0,0.0,2021-12-28 00:00:00,2021,1900000.0,NNN,JV,108000.0,108000.0,0.0,Client_0135 **, ,5.6840000000000002,67,Tenant_0067,Fin & Prop          ,369,Entity_0369,1,1283294.21,1,L2-ALL            ,338,AE_0338   ,SINGLE TENANT,NON-PHARMACY,1,1
323,IL-Evanston,Illinois,Evanston,IL  ,5686.0,0.0,2022-03-04 00:00:00,2022,2095236.0,NNN,CLIENT,115238.0,115238.0,0.0,Client_0153 **, ,5.5,84,Tenant_0084,Fin & Prop          ,375,Entity_0375,1,1149116.5800000001,1,L2-ALL            ,338,AE_0338   ,SINGLE TENANT,NON-PHARMACY,1,1
324,MI-Saint Joseph,Michigan,Saint Joseph,MI  ,62056.0,0.0,2022-03-17 00:00:00,2022,7975000.0,NN,CLIENT,418972.79999999999,512322.79999999999,93350.0,Client_0008 **, ,6.4240000000000004,96,Tenant_0096,Prop Only           ,377,Entity_0377,0,0.0,1,L2-ALL            ,338,AE_0338   ,MULTI-TENANT,NON-PHARMACY,3,3
325,CT-Waterford,Connecticut,Waterford                                                                                           ,CT  ,22361.0,0.0,2022-03-24 00:00:00,2022,8400000.0,NN,JV,424489.5,585072.58999999997,160583.08999999997,Client_0148 **,Y (1),6.9649999999999999,1,Tenant_0001,Fin & Prop          ,378,Entity_0378,1,5299909.8399999999,3,L2B               ,338,AE_0338   ,MULTI-TENANT,PHARMACY,6,6
326,IL-East Moline,Illinois,East Moline                                        ,IL  ,13905.0,0.0,2022-03-01 00:00:00,2022,2825000.0,NN,JV,211500.0,211500.0,0.0,Client_0121 **,Y (3),7.4870000000000001,3,Tenant_0003,Fin & Prop          ,376,Entity_0376,2,2281632.94368,1,L2-ALL            ,338,AE_0338   ,SINGLE TENANT,PHARMACY,1,1
327,CA-Citrus Heights,California,Citrus Heights,CA  ,31927.0,2800.0,2022-05-11 00:00:00,2022,8400000.0,NN,JV,487653.59999999998,506854.44,19200.840000000026,Client_0148 **,Y (2),6.0339999999999998,105,Tenant_0105,Fin & Prop          ,381,Entity_0381,2,10072499.999999998,3,L2B               ,400,AE_0400   ,MULTI-TENANT,NON-PHARMACY,2,3
328,TX-Coppell,Texas,Coppell,TX  ,63508.0,63506.0,2022-06-01 00:00:00,2022,11000000.0,NNN,FUND,0.0,0.0,0.0,Client_0000 **,,,,,No Mgmt             ,,,0,0.0,1,L2-ALL            ,,,SINGLE TENANT,NON-PHARMACY,0,1
329,WI-Brookfield,Wisconsin,Brookfield,WI  ,90874.0,1500.0,2022-06-10 00:00:00,2022,17250000.0,NN,JV,710025.0,1368679.2,658654.19999999995,Client_0001 **, ,7.9340000000000002,15,Tenant_0015,Fin & Prop          ,383,Entity_0383,2,13263554.0,1,L2-ALL            ,338,AE_0338   ,MULTI-TENANT,NON-PHARMACY,12,13
330,OH-Medina,Ohio,Medina                                             ,OH  ,90346.0,0.0,2022-06-22 00:00:00,2022,19629008.0,NNN,JV,1192337.0,1192337.0,0.0,Client_0148 **,Y (2),6.0739999999999998,2,Tenant_0002,Fin & Prop          ,385,Entity_0385,2,23541060.0,3,L2B               ,338,AE_0338   ,SINGLE TENANT,NON-PHARMACY,1,1
331,MI-Alpena,Michigan,Alpena,MI  ,7000.0,0.0,2022-07-12 00:00:00,2022,870000.0,NN,JV,67380.0,67380.0,0.0,Client_0001 **,Y (1),7.7450000000000001,109,Tenant_0109,Fin & Prop          ,390,Entity_0390,2,644328.88557000004,1,L2-ALL            ,400,AE_0400   ,SINGLE TENANT,PHARMACY,1,1
332,VA-Altavista,Virginia,Altavista,VA  ,10125.0,0.0,2022-07-12 00:00:00,2022,2700000.0,NN,JV,198146.25,198146.25,0.0,Client_0001 **,Y (1),7.3390000000000004,1,Tenant_0001,Fin & Prop          ,391,Entity_0391,2,1997713.7593700001,1,L2-ALL            ,400,AE_0400   ,SINGLE TENANT,PHARMACY,1,1
333,IL-South Elgin,Illinois,South Elgin                                        ,IL  ,45000.0,0.0,2022-07-28 00:00:00,2022,14543000.0,NN,JV,903600.0,1078871.23,175271.22999999998,Client_0148 **, ,7.4180000000000001,104,Tenant_0104,Fin & Prop          ,398,Entity_0398,1,7810199.3899999997,3,L2B               ,400,AE_0400   ,SINGLE TENANT,NON-PHARMACY,1,1
334,OH-Canal Fulton,Ohio,Canal Fulton,OH  ,11200.0,0.0,2022-07-12 00:00:00,2022,1600000.0,NN,JV,83853.0,152192.0,68339.0,Client_0001 **, ,9.5120000000000005,110,Tenant_0110,Fin & Prop          ,388,Entity_0388,2,1184211.7645750002,1,L2-ALL            ,400,AE_0400   ,MULTI-TENANT,NON-PHARMACY,3,3
335,IN-Demotte,Indiana,Demotte,IN  ,10125.0,0.0,2022-07-12 00:00:00,2022,2000000.0,NN,JV,129223.50999999999,129223.50999999999,0.0,Client_0001 **,Y (2),6.4610000000000003,1,Tenant_0001,Fin & Prop          ,392,Entity_0392,2,1482839.0791199999,1,L2-ALL            ,400,AE_0400   ,SINGLE TENANT,PHARMACY,1,1
336,MD-Hagerstown,Maryland,Hagerstown,MD  ,11170.0,0.0,2022-07-12 00:00:00,2022,3700000.0,NN,JV,205476.0,205476.0,0.0,Client_0001 **,Y (1),5.5529999999999999,1,Tenant_0001,Fin & Prop          ,393,Entity_0393,2,2737662.2284149998,1,L2-ALL            ,400,AE_0400   ,SINGLE TENANT,PHARMACY,1,1
338,NC-Winston Salem,North Carolina,Winston Salem,NC  ,10139.0,0.0,2022-07-12 00:00:00,2022,5030000.0,NN,JV,252600.0,252600.0,0.0,Client_0001 **,Y (1),5.0220000000000002,1,Tenant_0001,Fin & Prop          ,396,Entity_0396,2,3742403.3901600004,1,L2-ALL            ,400,AE_0400   ,SINGLE TENANT,PHARMACY,1,1
339,MD-Baltimore,Maryland,Baltimore                                          ,MD  ,10589.0,0.0,2022-07-12 00:00:00,2022,2700000.0,NN,JV,171552.0,171552.0,0.0,Client_0001 **,Y (1),6.3540000000000001,1,Tenant_0001,Fin & Prop          ,389,Entity_0389,2,1997713.7593700001,1,L2-ALL            ,400,AE_0400   ,SINGLE TENANT,PHARMACY,1,1
340,MI-Port Huron,Michigan,Port Huron,MI  ,6891.0,0.0,2022-07-12 00:00:00,2022,1250000.0,NN,JV,88260.0,88260.0,0.0,Client_0001 **, ,7.0609999999999999,109,Tenant_0109,Fin & Prop          ,395,Entity_0395,2,923832.28342000011,1,L2-ALL            ,400,AE_0400   ,SINGLE TENANT,NON-PHARMACY,1,1
341,CO-Steamboat Springs,Colorado,Steamboat Springs,CO  ,35000.0,34998.0,2022-06-10 00:00:00,2022,2750000.0,NN,L2,0.0,0.0,0.0,Client_0037 **,,,,,Fin & Prop          ,401,Entity_0401,2,1787500.0,1,L2-ALL            ,6,AE_0006   ,SINGLE TENANT,NON-PHARMACY,0,1
342,WI-Milwaukee,Wisconsin,Milwaukee                                          ,WI  ,102000.0,0.0,2022-07-19 00:00:00,2022,20000000.0,NN,JV,1275000.0,1275000.0,0.0,Client_0148 **,Y (1),6.375,15,Tenant_0015,Fin & Prop          ,397,Entity_0397,2,23986260.0,3,L2B               ,338,AE_0338   ,SINGLE TENANT,NON-PHARMACY,1,1
343,IN-Lebanon,Indiana,Lebanon,IN  ,10880.0,0.0,2022-07-22 00:00:00,2022,5300000.0,NN,JV,279072.0,279072.0,0.0,Client_0001 **,Y (1),5.266,1,Tenant_0001,Fin & Prop          ,399,Entity_0399,1,3355504.98,1,L2-ALL            ,400,AE_0400   ,SINGLE TENANT,PHARMACY,1,1
344,PA-New Kensington,Pennsylvania,New Kensington,PA  ,4122.0,0.0,2022-09-13 00:00:00,2022,860000.0,NNN,JV,46000.0,46000.0,0.0,Client_0001 **,Y (1),5.3490000000000002,125,Tenant_0125,Fin & Prop          ,403,Entity_0403,0,0.0,1,L2-ALL            ,338,AE_0338   ,SINGLE TENANT,NON-PHARMACY,1,1
345,MD-Easton,Maryland,Easton,MD  ,113330.0,5900.0,2022-09-28 00:00:00,2022,18000000.0,NN,JV,772131.47999999998,1465448.3700000003,693316.89000000036,Client_0148 **,Y (1),8.141,124,Tenant_0124,Fin & Prop          ,404,Entity_0404,1,11041415.57,3,L2B               ,338,AE_0338   ,MULTI-TENANT,NON-PHARMACY,16,18
346,MI-Shelby Township,Michigan,Shelby Township,MI  ,13013.0,0.0,2022-12-02 00:00:00,2022,5385000.0,NN,CLIENT,378678.29999999999,378678.29999999999,0.0,Client_0155 **,Y (2),7.032,1,Tenant_0001,Fin & Prop          ,406,Entity_0406,1,3852984.5299999998,1,L2-ALL            ,400,AE_0400   ,SINGLE TENANT,PHARMACY,1,1
347,MI-Hastings,Michigan,Hastings,MI  ,186230.0,39979.0,2022-12-08 00:00:00,2022,15913000.0,NN,JV,233026.0,1180289.8800000001,947263.88000000012,Client_0148 **, ,7.4169999999999998,72,Tenant_0072,Fin & Prop          ,407,Entity_0407,1,8600364.4199999999,3,L2B               ,338,AE_0338   ,MULTI-TENANT,NON-PHARMACY,15,19
348,FL-Bradenton,Florida,Bradenton,FL  ,11200.0,0.0,2023-01-17 00:00:00,2023,4807192.0,NNN,CLIENT,323368.0,323368.0,0.0,Client_0152 **,Y (2),6.7270000000000003,1,Tenant_0001,Fin & Prop          ,408,Entity_0408,0,0.0,1,L2-ALL            ,400,AE_0400   ,SINGLE TENANT,PHARMACY,1,1
349,FL-Bushnell,Florida,Bushnell                                                                                            ,FL  ,13148.0,0.0,2023-01-17 00:00:00,2023,3755916.0,NNN,CLIENT,254759.67000000001,254759.67000000001,0.0,Client_0152 **,Y (2),6.7830000000000004,1,Tenant_0001,Fin & Prop          ,409,Entity_0409,0,0.0,1,L2-ALL            ,400,AE_0400   ,SINGLE TENANT,PHARMACY,1,1
350,FL-Nokomis,Florida,Nokomis,FL  ,13143.0,0.0,2023-01-17 00:00:00,2023,6510381.0,NNN,CLIENT,436921.21999999997,436921.21999999997,0.0,Client_0152 **,Y (2),6.7110000000000003,1,Tenant_0001,Fin & Prop          ,410,Entity_0410,0,0.0,1,L2-ALL            ,400,AE_0400   ,SINGLE TENANT,PHARMACY,1,1
351,FL-Port Charlotte,Florida,Port Charlotte,FL  ,15487.0,0.0,2023-01-17 00:00:00,2023,6001920.0,NNN,CLIENT,396925.21999999997,396925.21999999997,0.0,Client_0152 **,Y (1),6.6130000000000004,1,Tenant_0001,Fin & Prop          ,411,Entity_0411,0,0.0,1,L2-ALL            ,400,AE_0400   ,SINGLE TENANT,PHARMACY,1,1
353,IN-Westfield,Indiana,Westfield,IN  ,3000.0,0.0,2023-01-17 00:00:00,2023,2213872.0,NNN,CLIENT,146409.95999999999,146409.95999999999,0.0,Client_0152 **, ,6.6130000000000004,159,Tenant_0159,Fin & Prop          ,413,Entity_0413,0,0.0,1,L2-ALL            ,400,AE_0400   ,SINGLE TENANT,NON-PHARMACY,1,1
354,TX-Spring,Texas,Spring                                             ,TX  ,13013.0,0.0,2023-04-14 00:00:00,2023,4350000.0,NN,CLIENT,299689.39000000001,299689.39000000001,0.0,Client_0161 **,Y (1),6.8890000000000002,1,Tenant_0001,Fin & Prop          ,414,Entity_0414,0,0.0,1,L2-ALL            ,400,AE_0400   ,SINGLE TENANT,PHARMACY,1,1
355,TN-Franklin,Tennessee,Franklin,TN  ,10880.0,0.0,2023-05-03 00:00:00,2023,3950000.0,NNN,CLIENT,273117.90000000002,273117.90000000002,0.0,Client_0161 **,Y (2),6.9139999999999997,1,Tenant_0001,Fin & Prop          ,416,Entity_0416,0,0.0,1,L2-ALL            ,400,AE_0400   ,SINGLE TENANT,PHARMACY,1,1
356,AR-Benton,Arkansas,Benton,AR  ,74870.0,0.0,2023-05-09 00:00:00,2023,9340000.0,NN,JV,473907.0,722343.76000000001,248436.76000000001,Client_0148 **, ,7.734,14,Tenant_0014,Fin & Prop          ,415,Entity_0415,1,5543530.04,3,L2B               ,338,AE_0338   ,MULTI-TENANT,NON-PHARMACY,9,9
357,TX-Dallas,Texas,Dallas                                             ,TX  ,11761.0,11759.0,2023-03-13 00:00:00,2023,125000.0,NNN,JV,0.0,0.0,0.0,Client_0122 **,,,,,Fin & Prop          ,418,Entity_0418,0,0.0,3,L2B               ,338,AE_0338   ,SINGLE TENANT,NON-PHARMACY,0,1
358,TX-Longview,Texas,Longview,TX  ,10908.0,0.0,2023-06-07 00:00:00,2023,3500000.0,NNN,CLIENT,228718.23000000001,228718.23000000001,0.0,Client_0160 **,Y (1),6.5350000000000001,1,Tenant_0001,Fin & Prop          ,420,Entity_0420,1,2324134.8399999999,1,L2-ALL            ,400,AE_0400   ,SINGLE TENANT,PHARMACY,1,1
359,FL-Fort Pierce,Florida,Fort Pierce,FL  ,11970.0,0.0,2023-05-18 00:00:00,2023,4788000.0,NN,CLIENT,287280.0,287280.0,0.0,Client_0161 **,Y (1),6.0,1,Tenant_0001,Fin & Prop          ,419,Entity_0419,0,0.0,5,3RD               ,400,AE_0400   ,SINGLE TENANT,PHARMACY,1,1
360,MA-Pittsfield,Massachusetts,Pittsfield,MA  ,72119.0,2000.0,2023-08-15 00:00:00,2023,6363539.0,NN,JV,309675.0,476288.59999999998,166613.59999999998,Client_0079 **,Y (2),7.4850000000000003,180,Tenant_0180,Fin & Prop          ,423,Entity_0423,1,4462841.6600000001,1,L2-ALL            ,338,AE_0338   ,MULTI-TENANT,NON-PHARMACY,4,5
361,MI-Jackson,Michigan,Jackson,MI  ,110070.0,37406.0,2023-08-18 00:00:00,2023,8000000.0,NN,JV,290184.0,431180.28000000003,140996.28000000003,Client_0148 **,Y (1),5.3899999999999997,14,Tenant_0014,Fin & Prop          ,424,Entity_0424,1,5149849.5800000001,3,L2B               ,338,AE_0338   ,MULTI-TENANT,NON-PHARMACY,3,6
362,SC-Murrells Inlet,South Carolina,Murrells Inlet,SC  ,13125.0,0.0,2023-08-22 00:00:00,2023,4500000.0,NN,CLIENT,290095.91999999998,290095.91999999998,0.0,Client_0160 **,Y (1),6.4470000000000001,1,Tenant_0001,Fin & Prop          ,425,Entity_0425,1,3074526.0,1,L2-ALL            ,400,AE_0400   ,SINGLE TENANT,PHARMACY,1,1
363,CO-Steamboat Springs,Colorado,Steamboat Springs,CO  ,5160.0,0.0,2020-09-04 00:00:00,2020,4400000.0,NN,LJL,0.0,0.0,0.0,Client_0001 **,Y (1),0.0,194,Tenant_0194,Fin & Prop          ,354,Entity_0354,1,2925000.0,4,LJL               ,6,AE_0006   ,SINGLE TENANT,NON-PHARMACY,0,1
364,FL-Miami Beach,Florida,Miami Beach                                        ,FL  ,1757.0,0.0,2018-05-16 00:00:00,2018,3000000.0,NN,LJL,0.0,0.0,0.0,Client_0001 **,Y (1),0.0,194,Tenant_0194,Fin & Prop          ,30,Entity_0030,1,2250000.0,4,LJL               ,6,AE_0006   ,SINGLE TENANT,NON-PHARMACY,0,1
365,CO-Steamboat Springs,Colorado,Steamboat Springs,CO  ,87120.0,0.0,2022-04-05 00:00:00,2022,1325000.0,NN,LJL,0.0,0.0,0.0,Client_0001 **,Y (1),0.0,194,Tenant_0194,Fin & Prop          ,426,Entity_0426,1,836658.81999999995,4,LJL               ,6,AE_0006   ,SINGLE TENANT,NON-PHARMACY,0,1
367,SC-Camden,South Carolina,Camden,SC  ,10125.0,0.0,2023-12-28 00:00:00,2023,2275000.0,NN,CLIENT,164997.0,164997.0,0.0,Client_0160 **,Y (1),7.2530000000000001,1,Tenant_0001,Fin & Prop          ,430,Entity_0430,0,0.0,1,L2-ALL            ,400,AE_0400   ,SINGLE TENANT,PHARMACY,1,1
368,FL-Plantation,Florida,Plantation,FL  ,2380.0,0.0,2024-02-22 00:00:00,2024,989000.0,NN,JV,72148.270000000004,72148.270000000004,0.0,Client_0001 **, ,7.2949999999999999,202,Tenant_0202,Fin & Prop          ,435,Entity_0435,0,0.0,1,L2-ALL            ,400,AE_0400   ,SINGLE TENANT,NON-PHARMACY,1,1
369,IN-Portage,Indiana,Portage,IN  ,10110.0,0.0,2024-03-01 00:00:00,2024,2193000.0,NNN,JV,159020.29000000001,159020.29000000001,0.0,Client_0079 **,Y (1),7.2510000000000003,1,Tenant_0001,Fin & Prop          ,436,Entity_0436,1,1514006.28,1,L2-ALL            ,400,AE_0400   ,SINGLE TENANT,PHARMACY,1,1
370,PA-Havertown,Pennsylvania,Havertown,PA  ,9250.0,0.0,2024-03-13 00:00:00,2024,3300000.0,NNN,CLIENT,225000.0,225000.0,0.0,Client_0099 **,Y (1),6.8179999999999996,1,Tenant_0001,Fin & Prop          ,438,Entity_0438,0,0.0,1,L2-ALL            ,400,AE_0400   ,SINGLE TENANT,PHARMACY,1,1
371,MN-Forest Lake,Minnesota,Forest Lake,MN  ,93853.0,1600.0,2024-03-18 00:00:00,2024,15150000.0,NN,JV,836826.12,1312639.22,475813.09999999998,Client_0148 **,Y (1),8.6639999999999997,50,Tenant_0050,Fin & Prop          ,441,Entity_0441,1,9500000.0,3,L2B               ,338,AE_0338   ,MULTI-TENANT,NON-PHARMACY,11,12
372,GA-Buford,Georgia,Buford,GA  ,12350.0,0.0,2024-09-05 00:00:00,2024,3650000.0,NNN,JV,270042.0,270042.0,0.0,Client_0079 **,Y (1),7.3979999999999997,1,Tenant_0001,Fin & Prop          ,443,Entity_0443,1,2512139.77,1,L2-ALL            ,400,AE_0400   ,SINGLE TENANT,PHARMACY,1,1
373,TX-Corsicana,Texas,Corsicana,TX  ,10908.0,0.0,2024-11-06 00:00:00,2024,3724033.0,NN,CLIENT,268227.96000000002,268227.96000000002,0.0,Client_0166 **,Y (3),7.2030000000000003,1,Tenant_0001,Fin & Prop          ,445,Entity_0445,1,2584632.8100000001,1,L2-ALL            ,400,AE_0400   ,SINGLE TENANT,PHARMACY,1,1
374,TX-Bryan,Texas,Bryan,TX  ,10908.0,0.0,2024-11-06 00:00:00,2024,2950967.0,NN,JV,212457.0,212457.0,0.0,Client_0001 **,Y (1),7.2000000000000002,1,Tenant_0001,Fin & Prop          ,448,Entity_0448,1,2055572.6000000001,1,L2-ALL            ,400,AE_0400   ,SINGLE TENANT,PHARMACY,1,1
375,IL-South Elgin,Illinois,South Elgin                                        ,IL  ,94508.0,0.0,2024-11-08 00:00:00,2024,19650000.0,NN,JV,861948.0,1553021.25,691073.25,Client_0079 **,Y (3),7.9029999999999996,214,Tenant_0214,Fin & Prop          ,451,Entity_0451,1,13635054.25,1,L2-ALL            ,400,AE_0400   ,MULTI-TENANT,NON-PHARMACY,4,4
376,OH-Berea,Ohio,Berea,OH  ,74255.0,2439.0,2024-12-19 00:00:00,2024,7600000.0,NNN,CLIENT,502425.0,635579.21999999997,133154.21999999997,Client_0152 **, ,8.3629999999999995,2,Tenant_0002,Fin & Prop          ,459,Entity_0459,0,0.0,1,L2-ALL            ,338,AE_0338   ,MULTI-TENANT,NON-PHARMACY,4,6
377,PA-Elizabeth,Pennsylvania,Elizabeth,PA  ,54860.0,1761.0,2025-05-12 00:00:00,2025,6625000.0,NN,JV,610750.0,712825.83999999997,102075.83999999997,Client_0148 **, ,10.76,2,Tenant_0002,Fin & Prop          ,464,Entity_0464,0,0.0,3,L2B               ,338,AE_0338   ,MULTI-TENANT,NON-PHARMACY,3,3
378,OH-Cincinnati,Ohio,Cincinnati,OH  ,7309.0,0.0,2025-05-28 00:00:00,2025,1490000.0,NN,JV,112483.84,112483.84,0.0,Client_0079 **, ,7.5490000000000004,202,Tenant_0202,Fin & Prop          ,466,Entity_0466,1,1093347.3600000001,1,L2-ALL            ,400,AE_0400   ,SINGLE TENANT,NON-PHARMACY,1,1
379,MN-Saint Michael,Minnesota,Saint Michael,MN  ,4273.0,0.0,2025-05-28 00:00:00,2025,2302000.0,NN,JV,171560.95000000001,171560.95000000001,0.0,Client_0079 **,Y (1),7.4530000000000003,202,Tenant_0202,Fin & Prop          ,465,Entity_0465,1,1561052.6399999999,1,L2-ALL            ,400,AE_0400   ,SINGLE TENANT,NON-PHARMACY,1,1
380,GA-Douglas,Georgia,Douglas,GA  ,10125.0,0.0,2025-06-06 00:00:00,2025,3340000.0,NNN,JV,275524.56,275524.56,0.0,Client_0001 **,Y (1),8.2490000000000006,1,Tenant_0001,Fin & Prop          ,469,Entity_0469,1,2337997.6368,1,L2-ALL            ,400,AE_0400   ,SINGLE TENANT,PHARMACY,1,1
381,AL-Montgomery,Alabama,Montgomery,AL  ,10125.0,0.0,2025-06-06 00:00:00,2025,3482000.0,NNN,JV,287280.0,287280.0,0.0,Client_0001 **,Y (1),8.25,1,Tenant_0001,Fin & Prop          ,468,Entity_0468,1,2437402.3632,1,L2-ALL            ,400,AE_0400   ,SINGLE TENANT,PHARMACY,1,1
382,PA-Pittsburgh,Pennsylvania,Pittsburgh                                         ,PA  ,10125.0,0.0,2025-06-11 00:00:00,2025,2985000.0,NN,CLIENT,240000.0,240000.0,0.0,Client_0096 **,Y (1),8.0399999999999991,1,Tenant_0001,Fin & Prop          ,471,Entity_0471,1,2100000.0,1,L2-ALL            ,400,AE_0400   ,SINGLE TENANT,PHARMACY,1,1
383,OH-Lancaster,Ohio,Lancaster,OH  ,10125.0,0.0,2025-06-20 00:00:00,2025,3430000.0,NN,FUND,248670.0,248670.0,0.0,Client_0000 **,Y (1),7.25,1,Tenant_0001,Fin & Prop          ,,,0,0.0,1,L2-ALL            ,338,AE_0338   ,SINGLE TENANT,PHARMACY,1,1
