1,Tenant_0001
10,Tenant_0010
100,Tenant_0100
101,Tenant_0101
102,Tenant_0102
103,Tenant_0103
104,Tenant_0104
105,Tenant_0105
106,Tenant_0106
107,Tenant_0107
108,Tenant_0108
109,Tenant_0109
11,Tenant_0011
110,Tenant_0110
111,Tenant_0111
112,Tenant_0112
113,Tenant_0113
114,Tenant_0114
115,Tenant_0115
116,Tenant_0116
117,Tenant_0117
118,Tenant_0118
119,Tenant_0119
12,Tenant_0012
120,Tenant_0120
121,Tenant_0121
122,Tenant_0122
123,Tenant_0123
124,Tenant_0124
125,Tenant_0125
126,Tenant_0126
127,Tenant_0127
128,Tenant_0128
129,Tenant_0129
13,Tenant_0013
130,Tenant_0130
131,Tenant_0131
132,Tenant_0132
134,Tenant_0134
135,Tenant_0135
136,Tenant_0136
137,Tenant_0137
138,Tenant_0138
139,Tenant_0139
14,Tenant_0014
140,Tenant_0140
141,Tenant_0141
142,Tenant_0142
143,Tenant_0143
144,Tenant_0144
145,Tenant_0145
146,Tenant_0146
147,Tenant_0147
148,Tenant_0148
149,Tenant_0149
15,Tenant_0015
150,Tenant_0150
151,Tenant_0151
152,Tenant_0152
153,Tenant_0153
154,Tenant_0154
155,Tenant_0155
156,Tenant_0156
157,Tenant_0157
158,Tenant_0158
159,Tenant_0159
16,Tenant_0016
160,Tenant_0160
161,Tenant_0161
162,Tenant_0162
163,Tenant_0163
164,Tenant_0164
165,Tenant_0165
166,Tenant_0166
167,Tenant_0167
168,Tenant_0168
169,Tenant_0169
17,Tenant_0017
170,Tenant_0170
171,Tenant_0171
172,Tenant_0172
173,Tenant_0173
174,Tenant_0174
175,Tenant_0175
176,Tenant_0176
177,Tenant_0177
178,Tenant_0178
179,Tenant_0179
18,Tenant_0018
180,Tenant_0180
181,Tenant_0181
182,Tenant_0182
183,Tenant_0183
184,Tenant_0184
185,Tenant_0185
186,Tenant_0186
188,Tenant_0188
189,Tenant_0189
190,Tenant_0190
191,Tenant_0191
192,Tenant_0192
193,Tenant_0193
194,Tenant_0194
195,Tenant_0195
196,Tenant_0196
197,Tenant_0197
198,Tenant_0198
199,Tenant_0199
2,Tenant_0002
20,Tenant_0020
200,Tenant_0200
201,Tenant_0201
202,Tenant_0202
203,Tenant_0203
204,Tenant_0204
205,Tenant_0205
206,Tenant_0206
208,Tenant_0208
209,Tenant_0209
21,Tenant_0021
210,Tenant_0210
211,Tenant_0211
212,Tenant_0212
213,Tenant_0213
214,Tenant_0214
215,Tenant_0215
216,Tenant_0216
217,Tenant_0217
218,Tenant_0218
219,Tenant_0219
22,Tenant_0022
220,Tenant_0220
221,Tenant_0221
222,Tenant_0222
223,Tenant_0223
224,Tenant_0224
225,Tenant_0225
226,Tenant_0226
227,Tenant_0227
228,Tenant_0228
229,Tenant_0229
23,Tenant_0023
230,Tenant_0230
231,Tenant_0231
232,Tenant_0232
233,Tenant_0233
234,Tenant_0234
25,Tenant_0025
26,Tenant_0026
3,Tenant_0003
31,Tenant_0031
34,Tenant_0034
35,Tenant_0035
37,Tenant_0037
39,Tenant_0039
4,Tenant_0004
40,Tenant_0040
41,Tenant_0041
42,Tenant_0042
43,Tenant_0043
44,Tenant_0044
47,Tenant_0047
48,Tenant_0048
49,Tenant_0049
5,Tenant_0005
50,Tenant_0050
51,Tenant_0051
52,Tenant_0052
53,Tenant_0053
55,Tenant_0055
56,Tenant_0056
57,Tenant_0057
58,Tenant_0058
59,Tenant_0059
6,Tenant_0006
60,Tenant_0060
61,Tenant_0061
62,Tenant_0062
64,Tenant_0064
65,Tenant_0065
66,Tenant_0066
67,Tenant_0067
68,Tenant_0068
69,Tenant_0069
7,Tenant_0007
70,Tenant_0070
71,Tenant_0071
72,Tenant_0072
73,Tenant_0073
74,Tenant_0074
75,Tenant_0075
76,Tenant_0076
77,Tenant_0077
78,Tenant_0078
79,Tenant_0079
8,Tenant_0008
80,Tenant_0080
81,Tenant_0081
82,Tenant_0082
83,Tenant_0083
84,Tenant_0084
85,Tenant_0085
86,Tenant_0086
87,Tenant_0087
88,Tenant_0088
89,Tenant_0089
9,Tenant_0009
90,Tenant_0090
91,Tenant_0091
92,Tenant_0092
93,Tenant_0093
94,Tenant_0094
95,Tenant_0095
96,Tenant_0096
97,Tenant_0097
98,Tenant_0098
99,Tenant_0099
